model,mutation,ddG,native_score,mutant_score
wAlpha,R52L,-1.824247,-3013.0852,-3014.9095
wAlpha,A73T,-1.8336777,-3013.0852,-3014.9189
wAlpha,G77R,1.56213883,-3013.0852,-3011.5231
wAlpha,G77E,4.07641707,-3013.0852,-3009.0088
wAlpha,K89T,4.21334372,-3013.0852,-3008.8719
wAlpha,K89E,5.91514376,-3013.0852,-3007.1701
wAlpha,S147L,6.99569091,-3013.0852,-3006.0895
wKCTD12,R52L,2.668506239,-7498.695386,-7496.026879
wKCTD12,A73T,2.498780053,-7498.695386,-7496.196606
wKCTD12,G77R,4.363509296,-7498.695386,-7494.331876
wKCTD12,G77E,7.152283912,-7498.695386,-7491.543102
wKCTD12,K89T,-1.582738152,-7498.695386,-7500.278124
wKCTD12,K89E,-1.110308293,-7498.695386,-7499.805694
wKCTD12,S147L,5.87434463,-7498.695386,-7492.821041
wPREX1,R52L,3.591722392,-3515.489182,-3511.89746
wPREX1,A73T,1.84575981,-3515.489182,-3513.643422
wPREX1,G77R,5.40016479,-3515.489182,-3510.089017
wPREX1,G77E,4.709612895,-3515.489182,-3510.779569
wPREX1,K89T,-1.701640381,-3515.489182,-3517.190823
wPREX1,K89E,-2.123316808,-3515.489182,-3517.612499
wPREX1,S147L,2.978733202,-3515.489182,-3512.510449
unpaired,R52L,-1.49291128,-1196.203287,-1197.696198
unpaired,A73T,9.192688569,-1196.203287,-1187.010598
unpaired,G77R,1.951016654,-1196.203287,-1194.25227
unpaired,G77E,1.024680347,-1196.203287,-1195.178607
unpaired,K89T,-0.808619531,-1196.203287,-1197.011906
unpaired,K89E,-1.235962488,-1196.203287,-1197.439249
unpaired,S147L,3.694130714,-1196.203287,-1192.509156
wGRK2,R52L,-0.524054689,-3114.967081,-3115.491135
wGRK2,A73T,-0.366159703,-3114.967081,-3115.33324
wGRK2,G77R,13.89746778,-3114.967081,-3101.069613
wGRK2,G77E,12.4184552,-3114.967081,-3102.548625
wGRK2,K89T,-0.117833218,-3114.967081,-3115.084914
wGRK2,K89E,-0.388445775,-3114.967081,-3115.355526
wGRK2,S147L,6.138069582,-3114.967081,-3108.829011
wGTPAlpha,R52L,-0.638821282,-1817.053149,-1817.69197
wGTPAlpha,A73T,2.535355841,-1817.053149,-1814.517793
wGTPAlpha,G77R,5.571538898,-1817.053149,-1811.48161
wGTPAlpha,G77E,8.434983253,-1817.053149,-1808.618165
wGTPAlpha,K89T,6.954816013,-1817.053149,-1810.098333
wGTPAlpha,K89E,7.392431956,-1817.053149,-1809.660717
wGTPAlpha,S147L,4.311225671,-1817.053149,-1812.741923
phospho,R52L,-1.48551864,-976.4681099,-977.9536285
phospho,A73T,-1.543352745,-976.4681099,-978.0114626
phospho,G77R,4.83454257,-976.4681099,-971.6335673
phospho,G77E,3.183356132,-976.4681099,-973.2847537
phospho,K89T,-1.394445832,-976.4681099,-977.8625557
phospho,K89E,-1.015466285,-976.4681099,-977.4835762
phospho,S147L,-4.101451656,-976.4681099,-980.5695615