model,groupname,mutation,ddG,native_score,mutant_score_fixed,mutant_score,interface_score,interface_Î”score,rmsd
unpaired,pathogenic,A73T,9.31216485643381,-1195.74381403916,-1171.10911871934,-1186.43164918272,-3106.43277813507,19.7649317023033,0.03598839789629
unpaired,pathogenic,G77R,6.27234256521206,-1196.19178241354,-1189.58679791092,-1189.91943984832,-3128.66295759768,0.965572892135697,0.006320582237095
unpaired,pathogenic,G77E,7.14465313321921,-1196.19178241354,-1188.50647189444,-1189.04712928032,-3131.78133279782,2.37841415099274,0.005628816317767
unpaired,pathogenic,K89T,-0.172813116933639,-1196.21423157044,-1196.32912733768,-1196.38704468737,-3131.32022065769,-1.74364615065815,0.00301236496307
unpaired,pathogenic,K89E,-1.05248008956778,-1196.21423157044,-1197.21337483692,-1197.26671166,-3135.99126827424,-6.5749893011789,0.003635300090536
unpaired,pathogenic,S147L,25.1699554867412,-1196.7314492327,-669.55725869026,-1171.56149374596,-3662.59138596174,-528.967229503235,0.046472556889057
unpaired,pathogenic,I171T,5.80406765455359,-1196.9391002414,-1190.35581307751,-1191.13503258684,-3113.08993525611,6.27421229959055,0.009792918339372
unpaired,gnomad,A21S,1.31434650390315,-1196.06920860691,-1194.64462201207,-1194.75486210301,-3131.18677799517,2.15505320295961,0.008070383220911
unpaired,gnomad,R49K,4.53292209823599,-1196.23530924475,-1191.12599423519,-1191.70238714652,-3124.42513646949,4.39043401043909,0.009313109330833
unpaired,gnomad,A73T,9.30507960937325,-1195.74381403916,-1171.10911871934,-1186.43873442978,-3106.6086925452,15.6472442545073,0.036301378160715
unpaired,gnomad,R129H,0.852429700120183,-1196.1957395359,-1195.3484172448,-1195.34330983578,-3132.85572104875,-2.40752261990292,0.000664559716824
unpaired,gnomad,V133I,0.497021021129058,-1194.97714732083,-1156.2395266343,-1194.4801262997,-3136.65878626922,-7.64238479515961,0.180725604295731
unpaired,gnomad,D195N,2.07035190231727,-1196.18284118462,-1193.84508236814,-1194.11248928231,-3134.44520003907,-3.28203087471502,0.002580089494586
unpaired,gnomad,R197H,3.23774307504846,-1196.19358388126,-1191.30100533185,-1192.95584080621,-3133.88630361334,0.33613446528534,0.008573700673878
unpaired,gnomad,T198M,1.41543727194471,-1196.18730540441,-1194.08406257553,-1194.77186813246,-3142.5950236534,-10.4748552809915,0.008957832120359
unpaired,gnomad,I208V,0.585596233245951,-1197.12145587345,-1195.69726697532,-1196.53585964021,-3150.87651543007,-16.1495321245516,0.014873396605253
unpaired,gnomad,V213M,1.16245507395297,-1196.19350282984,-1192.51142021304,-1195.03104775589,-3134.19125611326,-4.35286709584216,0.014039041474462
unpaired,gnomad,M263V,-0.090425174150369,-1196.22236227827,-1195.95183102847,-1196.31278745243,-2917.20059886553,225.465549863909,0.00591986393556
unpaired,gnomad,R283W,47.5113296838531,-1196.19535728754,-685.065604944799,-1148.68402760369,-3099.60726435925,38.8321882038799,0.119654983282089
unpaired,gnomad,G302S,11.545915907918,-1196.22698793368,-1163.44572790475,-1184.68107202576,-2881.21915533033,275.265613734129,0.019022349268198
unpaired,gnomad,D303N,1.07196354645043,-1196.18400339956,-1195.10401271528,-1195.11203985311,-3125.26772161345,8.59231537173673,0.001247205655091
unpaired,gnomad,A309T,0.04724577753791,-1196.20322061021,-1195.98296882617,-1196.15597483267,-3143.89021411891,-5.86935816298228,0.004409225191921
unpaired,gnomad,D322H,0.122119269989526,-1196.18808787085,-1195.74229227793,-1196.06596860086,-3122.17288365978,13.6297561622882,0.008583385497332
unpaired,gnomad,D323N,0.230691752527491,-1196.17423793846,-1196.36684592152,-1195.94354618593,-3124.45374805716,7.16502611997021,0.00566489296034
unpaired,gnomad,S2R,3.60511505985892,-1196.1974681292,-1192.59245253236,-1192.59235306934,-3129.0668433382,11.3076293059107,0.000597535516135
unpaired,gnomad,E12D,0.594103738283593,-1196.73613618204,-1196.00981216358,-1196.14203244376,-3130.201400087,0.557880701373506,0.007218770682812
unpaired,gnomad,R22Q,3.17231937085216,-1196.21243713979,-1191.80737393139,-1193.04011776893,-3127.80884315248,3.85814161274948,0.060666054487228
unpaired,gnomad,T31I,6.66237025465034,-1196.22988528087,-1147.59381067602,-1189.56751502622,-3134.20876888792,2.68515937885195,0.030016323551536
unpaired,gnomad,G36R,-0.487457838255523,-1196.19599084375,-1196.6839560613,-1196.68344868201,-3136.21556535896,-6.592817904821,0.001338930800557
unpaired,gnomad,G36E,-1.81843776816822,-1196.19599084375,-1198.00409745443,-1198.01442861192,-3129.20624049708,1.69065987320209,0.001553018228151
unpaired,gnomad,D38E,0.727586881752586,-1196.21012016083,-1195.48349387585,-1195.48253327907,-3142.19545632607,-10.1530787605834,0.000330461829435
unpaired,gnomad,I43M,2.90423218436717,-1196.20379730536,-1170.64335021431,-1193.299565121,-3161.23744913314,-33.6648342051726,0.031389284878969
unpaired,gnomad,R49K,4.53292209823599,-1196.23530924475,-1191.12599423519,-1191.70238714652,-3120.27325614198,12.9264368323088,0.009313109330833
unpaired,gnomad,D66E,6.26557130206515,-1196.22284642398,-1189.89609900041,-1189.95727512191,-3128.11139860779,2.31871781029668,0.002094609197229
unpaired,gnomad,V71L,5.76737962000311,-1196.2217645991,-1147.54390126817,-1190.4543849791,-3148.88202375351,-18.6852125831615,0.040199831128121
unpaired,gnomad,L79V,15.9502995241553,-1196.23501810985,-1152.91049546237,-1180.2847185857,-3132.22155165314,6.04077450555451,0.056345414370298
unpaired,gnomad,S84T,6.21243321376755,-1196.23792693544,-1167.51020809699,-1190.02549372167,-3123.35931138241,13.9305993475364,0.023656520992518
unpaired,gnomad,N88T,0.388698498135682,-1197.21953904224,-1196.67734197771,-1196.8308405441,-3132.91561379665,-1.08034754185746,0.004054433200508
unpaired,gnomad,A104T,15.8321040427293,-1196.12903627172,-1073.44348248742,-1180.296932229,-3135.58663219448,-5.21853590696719,0.037603624165058
unpaired,gnomad,Y105F,1.47845208202034,-1196.20257612661,-1192.08733429584,-1194.72412404459,-3139.8111360776,-9.62025951621308,0.01379026286304
unpaired,gnomad,C114S,1.68958834385899,-1196.18692962326,-1194.33486146316,-1194.4973412794,-3132.57861400597,2.17971238088921,0.005235851742327
unpaired,gnomad,I120V,-0.390107639788312,-1197.9053479981,-1198.24367171228,-1198.29545563789,-3116.65954128997,-1.2698903200926,0.00289807585068
unpaired,gnomad,I123V,1.57029092308449,-1197.09551900329,-1194.53263331274,-1195.5252280802,-3114.10528723923,7.68873299721236,0.014982387423515
unpaired,gnomad,I123T,6.6737238169037,-1197.09551900329,-1189.98234378672,-1190.42179518638,-3114.43561579477,1.22680697874512,0.008490550331771
unpaired,gnomad,R129H,0.852429700120183,-1196.1957395359,-1195.3484172448,-1195.34330983578,-3131.22989484363,0.039318676756466,0.000664559716824
unpaired,gnomad,R137G,3.39317028473124,-1196.80841781426,-1192.96298794184,-1193.41524752953,-3113.65709679359,4.25787923860298,0.014804012142122
unpaired,gnomad,T143A,1.97068284400757,-1196.20346218059,-1194.02637639428,-1194.23277933658,-3132.11792439195,-2.57534150626998,0.004033460747451
unpaired,gnomad,I157V,3.21749211642009,-1196.60495622655,-1193.24721863332,-1193.38746411013,-3116.65315034182,-1.66156770957377,0.003784029511735
unpaired,gnomad,T159S,1.53561265122198,-1194.39275568643,-1190.23217274227,-1192.85714303521,-3127.76483107169,2.66458139354199,0.011409459635615
unpaired,gnomad,T164A,0.220233406176476,-1196.20294293432,-1195.92124096933,-1195.98270952815,-3130.32198085866,3.65362176123381,0.004502408206463
unpaired,gnomad,T173I,10.5403517680659,-1196.19769017232,-1162.83775781552,-1185.65733840425,-3126.12268906643,3.50341920146047,0.008603200316429
unpaired,gnomad,G174S,10.9969367174692,-1198.33598269462,-1116.84468599371,-1187.33904597715,-3119.97409931856,-7.01150286255552,0.059681676328182
unpaired,gnomad,V178L,3.78438234270789,-1196.22783121964,-1188.45150823264,-1192.44344887694,-3133.9311975812,-1.47018218696894,0.014721379615367
unpaired,gnomad,S191A,0.921543879586125,-1196.1936348803,-1195.16673878252,-1195.27209100071,-3132.44447626166,-2.51044309542794,0.004241146147251
unpaired,gnomad,A193S,1.52255520291442,-1196.20854544451,-1194.22824303428,-1194.6859902416,-3121.95561580768,14.8946834279964,0.005294424947351
unpaired,gnomad,D195N,2.07035190231727,-1196.18284118462,-1193.84508236814,-1194.11248928231,-3128.98567781062,6.17883793323472,0.002580089494586
unpaired,gnomad,R197C,4.46506572583189,-1196.19358388126,-1191.6228727629,-1191.72851815542,-3128.36779723407,6.83548787450127,0.004068974405527
unpaired,gnomad,R197H,3.23774307504846,-1196.19358388126,-1191.30100533185,-1192.95584080621,-3135.36346201509,-4.42552330806984,0.008573700673878
unpaired,gnomad,T198K,0.428029412675187,-1196.18730540441,-1194.74254408696,-1195.75927599173,-3148.86523055583,-11.8384677359618,0.008966097608209
unpaired,gnomad,S207C,3.76211619604669,-1195.33951903037,-1187.30312700095,-1191.57740283432,-3136.74042607212,-8.39769056020896,0.010673844255507
unpaired,gnomad,I208V,0.585596233245951,-1197.12145587345,-1195.69726697532,-1196.53585964021,-3143.53450277472,-8.96781590102137,0.014873396605253
unpaired,gnomad,K209R,1.9248423931399,-1196.29291946722,-1191.32551185735,-1194.36807707408,-3128.89445239119,6.81460932095979,0.009603809565306
unpaired,gnomad,D212H,1.56708720290567,-1196.16339648873,-1183.99374128866,-1194.59630928583,-3135.30945655751,-1.91980743464137,0.041467264294624
unpaired,gnomad,V213M,1.16245507395297,-1196.19350282984,-1192.51142021304,-1195.03104775589,-3133.78921941649,-4.24639400205069,0.014039041474462
unpaired,gnomad,M217V,-0.112193323834163,-1196.17796184336,-1195.86329658518,-1196.2901551672,-3129.73603199375,6.0272912242508,0.006067852023989
unpaired,gnomad,R219Q,1.6196882271181,-1198.02585576118,-1195.63878031501,-1196.40616753406,-3134.15068458558,2.60495798463126,0.013714347034693
unpaired,gnomad,I223V,-0.455180741603726,-1196.20578551543,-1196.66385069345,-1196.66096625703,-3131.49629984999,2.23941326567365,0.001536706578918
unpaired,gnomad,F241V,11.2530239961511,-1197.43632635725,-1161.19511522671,-1186.1833023611,-3132.83735406667,-5.33270612330352,0.020934151485562
unpaired,gnomad,G244V,74.0340477254476,-1196.19909340251,-597.374944723033,-1122.16504567706,-2829.91222213519,304.839426534352,0.112024761736393
unpaired,gnomad,A248V,17.8113613163978,-1196.12739935172,-1034.0647156407,-1178.31603803532,-3240.05779054377,-123.972611111559,0.086351171135902
unpaired,gnomad,T249M,4.14370094659034,-1196.19521156013,-1187.68989657304,-1192.05151061354,-3053.45874179842,59.9224298941167,0.012789399363101
unpaired,gnomad,F253L,11.4226456610768,-1197.90741732358,-1115.22864976588,-1186.4847716625,-3170.19568638617,-48.0103876125691,0.034985020756722
unpaired,gnomad,D258Y,9.86966830666643,-1196.75756592141,-556.229503830868,-1186.88789761474,-3128.57452231282,11.8378612852525,0.01781596057117
unpaired,gnomad,L262V,2.20141023701603,-1196.20192021458,-1173.76055385126,-1194.00050997757,-2780.68549067707,367.232399364779,0.020761996507645
unpaired,gnomad,M263V,-0.090425174150369,-1196.22236227827,-1195.95183102847,-1196.31278745243,-2919.75588938026,223.360038152295,0.00591986393556
unpaired,gnomad,M263T,0.021598438821002,-1196.22236227827,-1195.74897553772,-1196.20076383945,-2888.83903488254,258.927653464438,0.007315123919398
unpaired,gnomad,H266N,2.14149426359427,-1196.13617607623,-1193.09843514756,-1193.99468181264,-3141.52929433467,-5.99228099210677,0.007694138213992
unpaired,gnomad,H266R,6.20579497069821,-1196.13617607623,-1189.29976621866,-1189.93038110553,-3137.24599697227,-2.12796202447635,0.008464372716844
unpaired,gnomad,N268D,-0.630731043372407,-1196.17339013461,-1196.72456191567,-1196.80412117798,-3138.66821793474,3.82573594268433,0.001021416508593
unpaired,gnomad,N268I,5.62913310306749,-1196.17339013461,-1182.28312750217,-1190.54425703154,-3140.28244634688,3.42499492649449,0.007113378029317
unpaired,gnomad,G272S,-1.55702389359567,-1196.12738136623,-1197.21798666268,-1197.68440525983,-3136.77256491908,-20.1830649508729,0.005552022717893
unpaired,gnomad,S275A,-1.66132460323411,-1196.26524325431,-1197.66207893139,-1197.92656785754,-3132.24347388382,13.8141251037327,0.00392220588401
unpaired,gnomad,R280C,6.2083779700456,-1196.15965128269,-1189.70257848733,-1189.95127331265,-3128.01081250557,14.0142872730698,0.005967396311462
unpaired,gnomad,R280H,2.32280973735828,-1196.15965128269,-1193.21600104652,-1193.83684154534,-3130.55285765401,0.115244075471765,0.005317390430719
unpaired,gnomad,A287T,1.71917098648464,-1196.22029277236,-1180.41966142101,-1194.50112178587,-3195.23727453838,0.164958458642559,0.015330020338297
unpaired,gnomad,I296T,5.4587097757435,-1196.22679657264,-1190.70567371312,-1190.76808679689,-3087.56469475562,84.85990819366,0.003263104707003
unpaired,gnomad,A299T,6.09590460294976,-1196.68379193024,-1183.66898593002,-1190.58788732729,-3206.95461521838,-41.8874315131875,0.013968749903143
unpaired,gnomad,M300V,7.14599861764509,-1196.18189894176,-1182.98608877405,-1189.03590032411,-3084.47542928555,59.7799826518012,0.022581748664379
unpaired,gnomad,G302S,11.545915907918,-1196.22698793368,-1163.44572790475,-1184.68107202576,-2883.2789546735,271.055820819034,0.019022349268198
unpaired,gnomad,D303N,1.07196354645043,-1196.18400339956,-1195.10401271528,-1195.11203985311,-3126.82564795082,5.27284810336732,0.001247205655091
unpaired,gnomad,R304H,5.668437490516,-1196.20048360491,-1142.98766448715,-1190.5320461144,-3288.84212084466,-140.918954124763,0.027751239016652
unpaired,gnomad,A305T,13.3409877158069,-1196.23017603456,-1139.95321694369,-1182.88918831875,-3202.30762372706,-50.0494047200941,0.057710103690624
unpaired,gnomad,A309G,2.09622487918591,-1196.20322061021,-1194.09891597544,-1194.10699573103,-3132.45843229298,6.68169400895658,0.002618773141876
unpaired,gnomad,D312V,4.39072265179334,-1196.20220648406,-1185.93872993021,-1191.81148383226,-3028.62827211619,108.130983219496,0.017607135698199
unpaired,gnomad,V315M,23.0434705091714,-1196.36154151875,-990.475197790911,-1173.31807100958,-3124.17834829256,-1.87293466920664,0.068247057497501
unpaired,gnomad,L318I,11.4814090755081,-1196.25695036419,-1166.06790668337,-1184.77554128868,-3156.9034157786,-6.30073579121518,0.018819782882929
unpaired,gnomad,D322N,1.50653081294445,-1196.18808787085,-1194.62011577099,-1194.68155705791,-3130.08148263675,1.19706002205839,0.004482536576688
unpaired,gnomad,D322G,1.90001146775012,-1196.18808787085,-1194.0842100923,-1194.2880764031,-3126.55560633956,7.22213764478329,0.008412030525506
unpaired,gnomad,D323N,0.230691752527491,-1196.17423793846,-1196.36684592152,-1195.94354618593,-3126.53896795236,8.78626674560383,0.00566489296034
unpaired,gnomad,M325V,1.45010272707282,-1196.18545399198,-1183.27172184534,-1194.7353512649,-3143.86260238305,-10.8329575185294,0.023187836632133
unpaired,gnomad,V327M,-0.522479665035917,-1196.24775242629,-1178.14752816606,-1196.77023209133,-3483.0312167888,-350.042874495371,0.018058991059661
unpaired,gnomad,F335L,-1.2256871411721,-1192.6589083716,-1193.52636890662,-1193.88459551278,-3121.03675088868,-11.3761579560119,0.01166882365942
unpaired,gnomad,I338V,0.096272257331293,-1191.64540913831,-1191.19479090713,-1191.54913688098,-3106.14639042114,-20.3276194107134,0.00577069632709
wKCTD12,pathogenic,A73T,2.58781386177816,-7498.44153938685,-7473.47930214341,-7495.85372552508,-14521.4341015873,-31.5346516679529,0.006532147526741
wKCTD12,pathogenic,G77R,8.4114700469936,-7498.65217444206,-7489.9238516249,-7490.24070439507,-14512.4228870237,-15.5638584759363,0.001780100050382
wKCTD12,pathogenic,G77E,27.8428836453868,-7498.65217444206,-7416.28677501893,-7470.80929079667,-14568.5721201047,-10.920836598154,0.016558803617954
wKCTD12,pathogenic,K89T,-0.105483702176571,-7498.60496506998,-7498.73398083049,-7498.71044877215,-14520.2214448068,57.2885366184655,0.002932299626991
wKCTD12,pathogenic,K89E,-0.920945442857374,-7498.60496506998,-7499.37788899094,-7499.52591051284,-14524.3430520438,-47.0658556361814,0.002261923160404
wKCTD12,pathogenic,S147L,21.6238648837307,-7498.80865586674,-7041.82144815176,-7477.18479098301,-14978.2304401675,-422.509289347076,0.029435666278005
wKCTD12,pathogenic,I171T,4.74337985631883,-7498.6887900551,-7493.58791761257,-7493.94541019878,-14585.5525008897,-60.1745989958727,0.003184961620718
wKCTD12,gnomad,A21S,0.806932483689707,-7498.63741776028,-7497.71252460815,-7497.83048527659,-14569.7781445947,55.60562323866,0.002573869656771
wKCTD12,gnomad,R49K,7.29981965801653,-7494.28663191589,-7486.19903166825,-7486.98681225788,-14616.9584330343,-23.9487502437569,0.002830628072843
wKCTD12,gnomad,A73T,2.58781386177816,-7498.44153938685,-7473.47930214341,-7495.85372552508,-14540.5150436893,14.1744407915667,0.006532147526741
wKCTD12,gnomad,R129H,0.863699357224504,-7498.69711975333,-7497.83688968017,-7497.8334203961,-14648.0769203396,-94.653545673933,0.000120394382975
wKCTD12,gnomad,V133I,1.14030434040887,-7498.70589024241,-7497.35566623299,-7497.565585902,-14509.9352267465,85.2069527138556,0.011885434389114
wKCTD12,gnomad,D195N,3.76415228605219,-7498.62984725006,-7493.09306529118,-7494.865694964,-14561.8072566907,41.4820039545375,0.005643361248076
wKCTD12,gnomad,R197H,2.45471732834721,-7498.65855267267,-7495.90143736611,-7496.20383534432,-14681.3519206117,-198.396885946508,0.002286923350766
wKCTD12,gnomad,T198M,2.18610987853845,-7498.40797623284,-7476.54243080343,-7496.2218663543,-14557.3787915985,-40.7725740929363,0.016402684152126
wKCTD12,gnomad,I208V,-1.04835163121243,-7493.78498071368,-7490.86708227302,-7494.83333234489,-14456.2596792841,124.885640606455,0.008710935711861
wKCTD12,gnomad,V213M,4.54098823091135,-7498.57062691472,-7493.50854848558,-7494.02963868381,-14525.9678573984,43.8464320406547,0.0071084308438
wKCTD12,gnomad,M263V,-0.017032892636962,-7498.61621515407,-7498.54327956717,-7498.6332480467,-14383.0287669516,82.960987088336,0.003082198789343
wKCTD12,gnomad,R283W,47.4127627549497,-7498.6324972904,-7014.70433569785,-7451.21973453545,-14464.9048401679,26.9606127975876,0.032113984227181
wKCTD12,gnomad,G302S,16.3263649791334,-7498.38681733157,-7467.10973273827,-7482.06045235244,-14481.09875481,84.6704697807072,0.012858116999269
wKCTD12,gnomad,D303N,5.76781683993613,-7498.63713836775,-7490.83762306563,-7492.86932152781,-14470.9705101126,145.102114442463,0.003168778028339
wKCTD12,gnomad,A309T,3.16164979583846,-7498.62335549719,-7452.11688578796,-7495.46170570135,-14549.0404894269,30.0343190057047,0.005694404710084
wKCTD12,gnomad,D322H,1.26838946839507,-7498.52672011545,-7497.11910005102,-7497.25833064705,-14475.8513076936,-9.45179714528604,0.001681443420239
wKCTD12,gnomad,D323N,1.34918662191012,-7498.4451263197,-7497.06822403217,-7497.09593969779,-14626.3142751261,-34.6487662285217,0.003776704194024
wKCTD12,gnomad,S2R,3.53905039017354,-7498.70954542731,-7495.155667559,-7495.17049503714,-14572.7870314566,30.7394840074521,0.001139193074778
wKCTD12,gnomad,E12D,0.201217530820941,-7498.43887808776,-7497.94970462492,-7498.23766055694,-14620.294406156,-118.070711430981,0.003779560793191
wKCTD12,gnomad,R22Q,3.54887867048274,-7498.49307344292,-7493.84751120438,-7494.94419477244,-14538.5021158461,-5.15419242967255,0.008360425010324
wKCTD12,gnomad,T31I,3.45945675981693,-7500.8226552826,-7464.68078336637,-7497.36319852279,-14493.6637236774,94.218363198459,0.008607781492174
wKCTD12,gnomad,G36R,-0.63209816339986,-7500.71987647212,-7501.37022480886,-7501.35197463552,-14624.692443502,-89.3616994707463,0.001010741456412
wKCTD12,gnomad,G36E,-2.20455883360864,-7500.71987647212,-7502.92811423641,-7502.92443530573,-14499.6346683874,47.8627677537661,0.001774491509423
wKCTD12,gnomad,D38E,0.659123767302845,-7498.49932183073,-7497.84123337493,-7497.84019806343,-14520.8057258113,39.6055181623014,0.00016490019334
wKCTD12,gnomad,I43M,3.56150153506314,-7498.54107145083,-7494.48152150869,-7494.97956991577,-14509.3744478028,89.1291648866008,0.00292206206359
wKCTD12,gnomad,R49K,7.29981965801653,-7494.28663191589,-7486.19903166825,-7486.98681225788,-14574.2092657757,-4.56517530736892,0.002830628072843
wKCTD12,gnomad,D66E,5.61139823535541,-7498.64535394997,-7491.2924866203,-7493.03395571462,-14513.0068107589,18.1152561496456,0.003877817187458
wKCTD12,gnomad,V71L,9.30256876898693,-7498.34562692418,-7415.61467139757,-7489.04305815519,-14580.0942972155,-81.3790011931797,0.018460601568222
wKCTD12,gnomad,L79V,17.1134441356407,-7498.5014960644,-7443.46813678058,-7481.38805192876,-14510.274042337,49.8032119254931,0.023352801799774
wKCTD12,gnomad,S84T,4.29973589980909,-7494.92407938072,-7481.47451499333,-7490.62434348091,-14495.7422482612,79.4584674760354,0.007289039902389
wKCTD12,gnomad,N88T,0.888808500206324,-7499.59390069487,-7498.39339491095,-7498.70509219467,-14611.6414005911,-127.264890985507,0.002288000890985
wKCTD12,gnomad,A104T,15.9969262868663,-7498.541991923,-7441.86061027707,-7482.54506563614,-14594.4912517131,-103.163376491833,0.010598944500089
wKCTD12,gnomad,Y105F,0.956613428136734,-7498.32110993087,-7497.21305415507,-7497.36449650274,-14564.1448699961,140.863326547051,0.002744071418419
wKCTD12,gnomad,C114S,1.71582507876428,-7498.65992247319,-7496.78646526667,-7496.94409739442,-14545.35520512,66.6878360436676,0.002743441844359
wKCTD12,gnomad,I120V,0.17308252143448,-7498.5868144707,-7498.23263898781,-7498.41373194926,-14515.2513208878,-21.1244605619559,0.001809461857192
wKCTD12,gnomad,I123V,0.748794207230276,-7498.62752774998,-7497.65522750645,-7497.87873354275,-14529.3791206432,49.8789565795832,0.002556453691795
wKCTD12,gnomad,I123T,4.23862818968792,-7498.62752774998,-7494.22772115692,-7494.38889956029,-14496.8601476282,176.970465926181,0.002381980419159
wKCTD12,gnomad,R129H,0.863699357224504,-7498.69711975333,-7497.83688968017,-7497.8334203961,-14561.825475525,72.2217130988338,0.000120394382975
wKCTD12,gnomad,R137G,6.73968899325064,-7498.61118257289,-7491.11371179961,-7491.87149357964,-14479.2304032424,87.4585160645584,0.005546118598431
wKCTD12,gnomad,T143A,1.65552854126781,-7498.60345256542,-7496.9760070559,-7496.94792402416,-14566.0475931222,46.3356407792035,0.003646637080237
wKCTD12,gnomad,I157V,2.90067196402561,-7499.35391985435,-7496.45308141504,-7496.45324789033,-14700.1895974806,-28.7371149017963,0.00253191892989
wKCTD12,gnomad,T159S,3.71255987848235,-7498.47608342273,-7494.65053282131,-7494.76352354424,-14529.4906636753,-6.87172725293749,0.001389186130837
wKCTD12,gnomad,T164A,0.797580665369424,-7498.63504555641,-7497.72039500758,-7497.83746489104,-14587.4221593961,-98.3615280293634,0.002567769028246
wKCTD12,gnomad,T173I,6.63107108487293,-7498.63174673918,-7484.85104896106,-7492.0006756543,-14499.0278525944,249.029408215991,0.002714369213209
wKCTD12,gnomad,G174S,5.76162140138422,-7498.64602815909,-7492.1574132772,-7492.8844067577,-14612.3558704015,-125.914685852758,0.003244923660532
wKCTD12,gnomad,V178L,4.05876063862706,-7498.64362885856,-7474.34858243051,-7494.58486821993,-14820.7704238635,-222.768525586975,0.012460273690522
wKCTD12,gnomad,S191A,-0.090748491554223,-7498.57768880372,-7498.56943026282,-7498.66843729528,-14559.0136111462,-33.6332805164438,0.001859385403804
wKCTD12,gnomad,A193S,1.08148978693134,-7498.4633702383,-7497.07254851808,-7497.38188045136,-14660.1785575743,-139.855215511214,0.003016728907824
wKCTD12,gnomad,D195N,3.76415228605219,-7498.62984725006,-7493.09306529118,-7494.865694964,-14541.087334531,-47.5015921490703,0.005643361248076
wKCTD12,gnomad,R197C,3.76754512783191,-7498.65874332735,-7494.66066959951,-7494.89119819952,-14621.810691754,-116.297665186192,0.001741362852044
wKCTD12,gnomad,R197H,2.45471732834721,-7498.65855267267,-7495.90143736611,-7496.20383534432,-14500.3975159187,24.1904339134526,0.002286923350766
wKCTD12,gnomad,T198K,3.79534737152426,-7498.40797623284,-7466.18112042561,-7494.61262886132,-14490.2259219383,86.5007423153365,0.015449886210263
wKCTD12,gnomad,S207C,1.78411537336524,-7495.93309457936,-7491.66767729566,-7494.148979206,-14519.4438716987,84.9877565951556,0.003792851231992
wKCTD12,gnomad,I208V,-0.806025325883638,-7493.87208213626,-7491.37701592792,-7494.67810746215,-14509.5315049378,53.5815060227815,0.009077781811357
wKCTD12,gnomad,K209R,2.05088492399955,-7493.7093733142,-7491.57082963886,-7491.6584883902,-14560.6957062663,-17.7210102432291,0.002649182220921
wKCTD12,gnomad,D212H,7.33489351985736,-7498.57477584204,-7394.55960865798,-7491.23988232218,-14624.843578306,-92.4684109539794,0.014998096041381
wKCTD12,gnomad,V213M,4.54098823091135,-7498.57062691472,-7493.50854848558,-7494.02963868381,-14526.2216282034,-22.1969249194899,0.0071084308438
wKCTD12,gnomad,M217V,2.45900676368365,-7498.61230217784,-7455.76564232301,-7496.15329541416,-14484.8267589295,130.768170657762,0.001870543928817
wKCTD12,gnomad,R219Q,4.59779441888259,-7498.84974517462,-7494.17786776493,-7494.25195075574,-14468.2703489517,21.3342086827906,0.003608511062339
wKCTD12,gnomad,I223V,-1.27265891217394,-7493.16339626363,-7494.54254138359,-7494.4360551758,-14444.8718363835,8.29108387198357,0.00332320551388
wKCTD12,gnomad,F241V,16.2223973487162,-7498.0862487428,-7447.16362074921,-7481.86385139408,-14587.7998767939,-67.3121054753956,0.011629664339125
wKCTD12,gnomad,G244V,74.6922806633256,-7498.51646670986,-6906.41960202604,-7423.82418604653,-14561.1729354983,-65.9357220921611,0.032105751335621
wKCTD12,gnomad,A248V,77.1342161514858,-7498.17611258408,-7339.13657785477,-7421.04189643259,-14674.9274713697,-79.8058176571612,0.02974502556026
wKCTD12,gnomad,T249M,15.9337548415388,-7498.52949365926,-7453.11456802632,-7482.59573881773,-14391.9865364616,225.010914214095,0.012721263803542
wKCTD12,gnomad,F253L,6.97537090024798,-7490.9582282584,-7470.37135261177,-7483.98285735815,-14568.9433937256,114.373386190098,0.007685660384595
wKCTD12,gnomad,D258Y,15.7839633524454,-7498.60371614878,-7043.71414364761,-7482.81975279634,-14653.8651725187,-90.9884981867981,0.016086388379335
wKCTD12,gnomad,L262V,4.00671602422699,-7498.5517607321,-7474.19225627326,-7494.54504470787,-14574.3052345025,58.8506076780886,0.006925279274583
wKCTD12,gnomad,M263V,-0.017032892636962,-7498.61621515407,-7498.54327956717,-7498.6332480467,-14435.4522806375,159.770554512199,0.003082198789343
wKCTD12,gnomad,M263T,0.193864074036355,-7498.61621515407,-7498.25094419877,-7498.42235108003,-14643.649708648,-170.261281231426,0.001753476564772
wKCTD12,gnomad,H266N,2.70612493448698,-7498.54781506091,-7495.76626715381,-7495.84169012642,-14616.0027741138,-68.725799263937,0.001962702721357
wKCTD12,gnomad,H266R,7.05534771169187,-7498.54781506091,-7491.36028053958,-7491.49246734922,-14553.6028442307,-30.1754753730311,0.001472455100156
wKCTD12,gnomad,N268D,6.41280542903041,-7498.57033630697,-7491.99943106849,-7492.15753087794,-14474.1279459677,64.8600154165633,0.003644602606073
wKCTD12,gnomad,N268I,7.68243846802307,-7498.57033630697,-7490.49735173103,-7490.88789783894,-14530.1132075057,-43.660022595659,0.002674798481166
wKCTD12,gnomad,G272S,-3.40337131047636,-7499.13604822626,-7502.5990453653,-7502.53941953674,-14463.9020401542,-8.56941971869674,0.001610306557268
wKCTD12,gnomad,S275A,-1.44083614379088,-7498.53204183944,-7499.75746215551,-7499.97287798323,-14566.933695819,-13.3172932718699,0.001649878569879
wKCTD12,gnomad,R280C,6.16210346244407,-7497.50790627353,-7489.82052563211,-7491.34580281109,-14520.1171702846,13.6345630536325,0.01250618416816
wKCTD12,gnomad,R280H,3.3239163328808,-7497.50790627353,-7492.617647855,-7494.18398994065,-14546.1988404733,-65.1365690718212,0.01064820215106
wKCTD12,gnomad,A287T,1.11265906165136,-7498.66665352579,-7492.96850058376,-7497.55399446414,-14517.3635676455,64.7416107630106,0.003157139755785
wKCTD12,gnomad,I296T,5.2031317893825,-7498.55516886097,-7493.31717928186,-7493.35203707158,-14534.2262188358,55.6466954396874,0.000854138284922
wKCTD12,gnomad,A299T,11.1380004585917,-7498.60695465214,-7455.44877142647,-7487.46895419355,-14631.6543543261,-123.411785464819,0.009467626921833
wKCTD12,gnomad,M300V,10.1065359462773,-7498.51034306659,-7473.87862278756,-7488.40380712031,-14545.0788292853,2.76444405084112,0.005144643131644
wKCTD12,gnomad,G302S,16.3263649791334,-7498.38681733157,-7467.10973273827,-7482.06045235244,-14516.6311547961,69.2581454936299,0.012858116999269
wKCTD12,gnomad,D303N,5.76781683993613,-7498.63713836775,-7490.83762306563,-7492.86932152781,-14543.0410121254,65.7632944895995,0.003168778028339
wKCTD12,gnomad,R304H,10.6012899982943,-7498.40628594295,-7454.47888828774,-7487.80499594465,-14556.7105504558,-8.44089289852491,0.014529234729707
wKCTD12,gnomad,A305T,14.0987360779291,-7498.42011765608,-7439.4021755714,-7484.32138157815,-14468.099832169,18.2452674957276,0.021111631765962
wKCTD12,gnomad,A309G,3.8503698032082,-7498.62335549719,-7494.55342408352,-7494.77298569398,-14494.4098792366,166.1721340104,0.003790128976107
wKCTD12,gnomad,D312V,9.87243198987653,-7498.63303264002,-7460.04652444959,-7488.76060065014,-14590.2605806852,-22.5127057868885,0.010947645641863
wKCTD12,gnomad,V315M,26.0666579464169,-7498.40265098376,-7277.16509927852,-7472.33599303734,-14622.580528639,-79.0785843105896,0.023333892226219
wKCTD12,gnomad,L318I,16.7085863558204,-7498.61400813605,-7449.19695217562,-7481.90542178023,-14474.7500845832,68.1751431370321,0.006097174715251
wKCTD12,gnomad,D322N,0.549966146385486,-7498.52672011545,-7497.8476287429,-7497.97675396906,-14662.3445244599,-139.359084554279,0.001411112607457
wKCTD12,gnomad,D322G,2.16466056078298,-7498.52672011545,-7496.29164991117,-7496.36205955467,-14485.423554677,8.1768003184352,0.001568759442307
wKCTD12,gnomad,D323N,1.34918662191012,-7498.4451263197,-7497.06822403217,-7497.09593969779,-14494.1050235884,90.6976803771031,0.003776704194024
wKCTD12,gnomad,M325V,-3.09264510921093,-7496.97337303386,-7490.02894142527,-7500.06601814307,-14578.7984601078,-39.9207569595092,0.01841333322227
wKCTD12,gnomad,V327M,4.95127119105382,-7497.99172082703,-7452.87223764369,-7493.04044963598,-14473.4878927257,25.6683483287197,0.011964158155024
wKCTD12,gnomad,F335L,2.06089591099408,-7489.50360938529,-7484.85605580708,-7487.4427134743,-14468.9709581174,54.1338178043661,0.008726287633181
wKCTD12,gnomad,I338V,0.524856393374648,-7491.9524557457,-7490.82483677623,-7491.42759935232,-16138.5274077432,-51.3549925594234,0.004053281154484
phospho,pathogenic,A73T,0.559593772897415,-976.62934698802,-974.647204988337,-976.069753215123,-542.96386948211,-10.109819491011,0.018175339326263
phospho,pathogenic,G77R,13.4649787359407,-976.556623510929,-870.8152907219,-963.091644774988,-537.98449454309,-3.98302707581149,0.043656896799803
phospho,pathogenic,G77E,20.5028751689373,-976.556623510929,-877.259207114997,-956.053748341992,-543.122506926769,1.5829877332917,0.055419754236937
phospho,pathogenic,K89T,1.99726134024888,-976.696834403623,-973.82599461578,-974.699573063375,-541.288226008872,-8.92799194874237,0.014026777818799
phospho,pathogenic,K89E,3.13754670983758,-976.696834403623,-972.348246381488,-973.559287693786,-529.431692019734,2.66534728338388,0.01046509668231
phospho,pathogenic,S147L,13.3404532177442,-976.48272062731,-633.602259508636,-963.142267409566,-814.738125611234,-275.213703987861,0.034878633916378
phospho,pathogenic,I171T,6.63666704876914,-976.46706959148,-969.556156229176,-969.830402542711,-544.482105643972,-4.56918574467625,0.008419714868069
phospho,gnomad,A21S,0.543061921040362,-976.463834336253,-975.811663689788,-975.920772415213,-544.962366547915,-11.3186229475918,0.007141621783376
phospho,gnomad,R49K,3.19007475599187,-976.478799999097,-966.539217306326,-973.288725243105,-538.17200098151,5.51931269355919,0.015276878140867
phospho,gnomad,A73T,0.561612271421495,-976.62934698802,-974.647204988337,-976.067734716599,-551.507839281015,-18.9030941914854,0.018205614760518
phospho,gnomad,R129H,0.859807060132994,-976.467935070659,-975.607456803997,-975.608128010526,-533.785906551978,10.6147532977966,0.000472034909762
phospho,gnomad,V133I,3.66380982403928,-976.676201945658,-947.18163590723,-973.012392121618,-532.721321320601,1.78738123997562,0.114647015929222
phospho,gnomad,D195N,4.95060727152395,-976.512340398336,-969.478752948759,-971.561733126812,-530.758582276603,2.96233365170519,0.003225358435884
phospho,gnomad,R197H,2.70559154700516,-976.51993356332,-973.700649791129,-973.814342016315,-534.284113937659,-0.541992161214921,0.00482582859695
phospho,gnomad,T198M,0.730460299420543,-976.519307308349,-975.381861795129,-975.788847008928,-542.351271899643,-7.23010333324635,0.008281389251351
phospho,gnomad,I208V,-1.87441947398406,-976.521238737527,-976.132105130354,-978.395658211511,-531.633868989174,12.9352715963288,0.010552534833551
phospho,gnomad,V213M,7.14008295396945,-977.60200105593,-971.695671127416,-970.461918101961,-543.871426232286,-5.58077281366263,0.022330392152071
phospho,gnomad,M263V,0.39834006155445,-976.468701366324,-975.975539686948,-976.070361304769,-532.753717003894,5.49966780535374,0.00223424914293
phospho,gnomad,R283W,3.0511702330125,-976.484904855806,-973.217507631895,-973.433734622793,-535.088291969637,11.7489588754063,0.007920616306365
phospho,gnomad,G302S,7.78183352726637,-976.306563631106,-963.891619388374,-968.52473010384,-531.687299250468,1.82886057290534,0.020879819989205
phospho,gnomad,D303N,1.16377669490294,-976.466747747638,-975.279271113956,-975.302971052735,-535.869929536723,-0.968969927819216,0.00342267123051
phospho,gnomad,A309T,0.697915503486797,-976.491275786408,-974.918222427344,-975.793360282921,-776.916173689632,28.3281859602387,0.010255278088152
phospho,gnomad,D322H,0.815294321849137,-976.423570322717,-975.414438993977,-975.608276000868,-545.177905980354,-10.8105392172736,0.006113088689744
phospho,gnomad,D323N,1.90490185983765,-976.432009786036,-974.484929850452,-974.527107926199,-549.848093161394,-15.8398847932967,0.00246678548865
phospho,gnomad,S2R,0.001532305563842,-976.29603661059,-976.29603661059,-976.294504305026,-533.018335605512,16.2726184311847,0.000205683973036
phospho,gnomad,E12D,0.742795647228945,-976.449624990524,-974.559882633891,-975.706829343295,-531.88260129358,1.87035243109358,0.004028755240142
phospho,gnomad,R22Q,0.258002907187461,-976.697164443493,-976.235104174096,-976.439161536305,-533.131571037709,2.91710626111444,0.010740159079433
phospho,gnomad,T31I,0.016666956200311,-976.446103032902,-976.446103032902,-976.429436076702,-532.954996895277,17.8570292080017,0.00233920221217
phospho,gnomad,G36R,-0.406729173902136,-976.424458408126,-976.82928907537,-976.831187582028,-534.498895091427,15.0508424413368,0.001276408089325
phospho,gnomad,G36E,-1.89348815992651,-976.424458408126,-978.317038894418,-978.317946568052,-544.061518034907,-5.34221054229442,0.001007539220154
phospho,gnomad,D38E,-0.404900164175956,-976.474118132474,-976.86402105168,-976.87901829665,-533.83486646508,-0.011273612198806,0.001770620234311
phospho,gnomad,I43M,0.028723835821438,-976.483286404322,-975.693129208255,-976.4545625685,-532.828598470855,2.38787999321448,0.005146374925971
phospho,gnomad,R49K,3.19007475599187,-976.478799999097,-966.539217306326,-973.288725243105,-528.293315820958,3.52482159776764,0.015276878140867
phospho,gnomad,D66E,4.52934394530871,-976.536817159055,-971.502631973165,-972.007473213746,-547.926645454263,-14.7427800177209,0.008659103885293
phospho,gnomad,V71L,3.42357314323146,-976.441076398392,-923.583549212945,-973.01750325516,-567.44596026852,-26.4040809352261,0.040653120726347
phospho,gnomad,L79V,12.8423478264972,-976.524499987119,-936.810433341981,-963.682152160622,-528.09531878452,5.79479910863597,0.056188467890024
phospho,gnomad,S84T,-1.6689369859738,-977.421185134597,-975.12598674921,-979.090122120571,-533.202778846486,2.53493954913529,0.012230029329658
phospho,gnomad,N88T,0.037104688697014,-976.475499494492,-976.323615815849,-976.438394805795,-532.022367737857,12.1870250633258,0.00297802593559
phospho,gnomad,A104T,12.1939051957146,-976.373838736131,-954.162945406479,-964.179933540416,-551.280662173285,-17.3395929419147,0.024222379550338
phospho,gnomad,Y105F,1.66469816994891,-977.297749603938,-975.414616605325,-975.633051433989,-538.435494432822,-7.51808617696838,0.006075961049646
phospho,gnomad,C114S,0.048917853883836,-976.153953021015,-975.635539322403,-976.105035167131,-533.014080430894,1.84069587172519,0.009990490972996
phospho,gnomad,I120V,-0.172679951789291,-976.39440588167,-976.440792984226,-976.567085833459,-539.195206280908,5.74937626640678,0.003694517537951
phospho,gnomad,I123V,2.71602855981212,-976.449803275024,-973.50624200192,-973.733774715212,-534.86288792817,-1.01858015295375,0.008476781658828
phospho,gnomad,I123T,7.27134176660343,-976.432685996101,-969.057788399378,-969.161344229497,-543.595732196301,-8.03357148026657,0.004893893841654
phospho,gnomad,R129H,0.859807060132994,-976.467935070659,-975.607456803997,-975.608128010526,-544.402299771436,-8.774840269783,0.000472034909762
phospho,gnomad,R137G,7.75531317798198,-976.463246720335,-968.110155609124,-968.707933542353,-533.883355331449,11.2555842111663,0.025484969839454
phospho,gnomad,T143A,2.49093079341355,-976.471865009466,-973.871807635964,-973.980934216052,-533.315296008648,1.36644922196967,0.003583828685805
phospho,gnomad,I157V,3.16376308160852,-978.086006179144,-974.71313092308,-974.922243097535,-528.075720766997,0.043096052013198,0.005150777753443
phospho,gnomad,T159S,4.20486893676616,-978.306948067898,-973.981149550471,-974.102079131132,-527.190780630264,0.520956142250384,0.002896564081311
phospho,gnomad,T164A,-0.854983419231758,-976.491305087931,-976.989190034971,-977.346288507163,-544.733448056413,0.312997335938121,0.010092387907207
phospho,gnomad,T173I,5.7158918718111,-976.459428078423,-965.658921845781,-970.743536206612,-543.097174646022,7.41098744670967,0.011801769956946
phospho,gnomad,G174S,4.394596891118,-976.469324798097,-971.820596460573,-972.074727906979,-544.049049161244,-9.98597825704951,0.004865949973464
phospho,gnomad,V178L,4.60188964585575,-976.454051471668,-933.956045923778,-971.852161825813,-541.929845211718,1.30197635189211,0.039249591529369
phospho,gnomad,S191A,-0.248801440648322,-977.668042320937,-977.891683112892,-977.916843761585,-538.752762477385,9.89491654322865,0.003217449877411
phospho,gnomad,A193S,1.91420886424999,-978.224669643279,-975.398756577202,-976.310460779029,-487.983774494562,48.7479686338829,0.00756363151595
phospho,gnomad,D195N,4.95060727152395,-976.512340398336,-969.478752948759,-971.561733126812,-542.583980956594,1.47428013797207,0.003225358435884
phospho,gnomad,R197C,3.7064378547567,-976.51993356332,-972.596455751572,-972.813495708563,-543.507049655725,-3.50361656105463,0.005287462379783
phospho,gnomad,R197H,2.70559154700516,-976.51993356332,-973.700649791129,-973.814342016315,-534.674655485216,-0.425464363645006,0.00482582859695
phospho,gnomad,T198K,0.941298338111551,-976.519307308349,-974.402313056694,-975.578008970237,-497.345856626932,52.3091531851489,0.019201392307878
phospho,gnomad,S207C,-0.004096200618051,-976.489775585295,-976.489775585295,-976.493871785913,-545.512370630099,4.33494694989872,0.000261614535702
phospho,gnomad,I208V,-1.87441947398406,-976.521238737527,-976.132105130354,-978.395658211511,-530.586363086569,2.84127826104657,0.010552534833551
phospho,gnomad,K209R,4.11813037343507,-976.592599655975,-972.033490960923,-972.47446928254,-531.578104675909,7.59642601502583,0.013397503644228
phospho,gnomad,D212H,6.57949272971848,-976.590337063555,-951.479295557104,-970.010844333837,-541.562526111134,-7.38014600562474,0.023203246295452
phospho,gnomad,V213M,7.14008295396945,-977.60200105593,-971.695671127416,-970.461918101961,-544.004636764231,46.7867395433708,0.022330392152071
phospho,gnomad,M217V,5.60456662887714,-976.479881365692,-970.30835415481,-970.875314736815,-547.535756601425,-3.88012760712968,0.004583331290632
phospho,gnomad,R219Q,4.48707955216958,-976.565106653278,-971.71753390284,-972.078027101108,-529.891671288289,13.9319757570604,0.006888783536851
phospho,gnomad,I223V,-0.284109888901526,-976.429210163697,-976.715579993688,-976.713320052598,-539.944301584601,5.65620212095052,0.000929903588258
phospho,gnomad,F241V,9.63801655551492,-976.46615393323,-882.881732910681,-966.828137377715,-478.366115868641,6.81236639368268,0.022898124530912
phospho,gnomad,G244V,67.4632263494984,-976.476335041843,-388.585107486783,-909.013108692344,-737.450462593202,-202.867557083109,0.072496302425861
phospho,gnomad,A248V,15.8086255080567,-976.419253837889,-920.738758205892,-960.610628329832,-535.965813082605,-2.11544211724004,0.030016111209989
phospho,gnomad,T249M,4.58331241053145,-976.262556849846,-965.23533557845,-971.679244439314,-532.414499115214,5.36503535097415,0.007854585535824
phospho,gnomad,F253L,7.26518066766607,-978.102649709074,-941.225758744698,-970.837469041408,-486.29000825386,49.5313709741216,0.021334333345294
phospho,gnomad,D258Y,4.47972496374894,-977.115408194191,-971.381766913652,-972.635683230443,-533.409348084632,2.10314200345147,0.006196739617735
phospho,gnomad,L262V,21.3575669750189,-976.297575392046,-911.850917799252,-954.940008417027,-527.354961745989,3.59941018669076,0.021069258451462
phospho,gnomad,M263V,0.39834006155445,-976.468701366324,-975.975539686948,-976.070361304769,-532.753717003894,11.8278709813455,0.00223424914293
phospho,gnomad,M263T,-1.41361409038757,-976.468701366324,-977.714611182091,-977.882315456711,-542.501329454106,-8.93914861857638,0.001876416965388
phospho,gnomad,H266N,1.59105908824563,-976.032272721423,-972.974056824013,-974.441213633178,-536.062510780597,-2.06475415402372,0.01161783374846
phospho,gnomad,H266R,3.56372330236877,-976.032272721423,-970.706593498585,-972.468549419055,-541.944343963883,8.25503148033272,0.012840617448092
phospho,gnomad,N268D,-1.27005406614001,-976.476264177675,-976.602291694369,-977.746318243815,-538.396307689083,-4.40858007172233,0.004183276090771
phospho,gnomad,N268I,4.63109728440884,-976.476203973759,-963.310880775548,-971.84510668935,-541.640886901462,3.86299818206021,0.005170588381588
phospho,gnomad,G272S,21.2084896060925,-976.724969976516,-918.801198663791,-955.516480370424,-842.193419726209,-311.356282010128,0.051533080637455
phospho,gnomad,S275A,-1.53195436350984,-976.517542657842,-977.855619968881,-978.049497021352,-536.506033888565,-0.066121340712016,0.003876834642142
phospho,gnomad,R280C,3.57515882411485,-976.479401144434,-972.631273616937,-972.904242320319,-532.544181671512,0.933672898529494,0.010715182870627
phospho,gnomad,R280H,1.95645635883784,-976.479401144434,-974.354893314112,-974.522944785596,-533.173552048037,11.6701569031517,0.007955288514495
phospho,gnomad,A287T,3.67962884139479,-976.549999829561,-964.684727792716,-972.870370988166,-536.273288961288,-2.47928631687955,0.014989867806435
phospho,gnomad,I296T,3.79665022578047,-976.510417120889,-971.736860887274,-972.713766895109,-538.193210039702,-2.04847842087315,0.011909065768123
phospho,gnomad,A299T,6.39124887564674,-976.512365343035,-956.198698248112,-970.121116467388,-540.983670744474,-6.65538174311519,0.021544799208641
phospho,gnomad,M300V,3.77436200869261,-976.477043191577,-970.727944574841,-972.702681182884,-539.20106929587,6.84807119327888,0.010183800011873
phospho,gnomad,G302S,7.78183352726637,-976.306563631106,-963.891619388374,-968.52473010384,-530.315608158523,2.98136225159442,0.020879819989205
phospho,gnomad,D303N,1.16377669490294,-976.466747747638,-975.279271113956,-975.302971052735,-546.531199544414,-1.68553181383402,0.00342267123051
phospho,gnomad,R304H,5.77346882565996,-976.480382674845,-931.018995693822,-970.706913849185,-813.37087550716,-278.63859907331,0.049086980521679
phospho,gnomad,A305T,4.73078880381786,-976.480635131493,-866.345955126358,-971.749846327675,-560.004070995994,-15.2490258577091,0.028059950098395
phospho,gnomad,A309G,2.03338013085204,-976.491275786408,-974.300587686851,-974.457895655556,-517.306429915964,274.564232720087,0.0061055412516
phospho,gnomad,D312V,5.54758341566776,-976.473442788455,-957.370688045965,-970.925859372787,-530.38713412453,4.97993667327478,0.02617322653532
phospho,gnomad,V315M,24.8017748558606,-976.967115096856,-838.938260073132,-952.165340240996,-819.393084703661,-315.322450743391,0.070412270724774
phospho,gnomad,L318I,14.538431494501,-976.572177874936,-925.828322651842,-962.033746380435,-539.677598527935,-5.78419866698141,0.045219354331493
phospho,gnomad,D322N,2.01207219456899,-976.423570322717,-974.357264144672,-974.411498128148,-534.944006728892,10.3235068096019,0.002782350871712
phospho,gnomad,D322G,2.97269607516819,-976.423570322717,-973.443291040224,-973.450874247549,-534.759569843087,-0.751754132920269,0.002149170497432
phospho,gnomad,D323N,1.90490185983765,-976.432009786036,-974.484929850452,-974.527107926199,-534.026011026638,-0.134851431236712,0.00246678548865
phospho,gnomad,M325V,-0.061372169783113,-976.486045828422,-976.511372942997,-976.547417998205,-533.355997378564,0.180881890795604,0.003832520917058
phospho,gnomad,V327M,1.31315804010967,-976.473755436829,-969.635111100815,-975.160597396719,-521.540481108298,349.26996213618,0.022865008562803
phospho,gnomad,F335L,-2.21880114208795,-976.883935570573,-965.79609862001,-979.102736712661,-536.596337388691,9.20857222942914,0.017354371026158
phospho,gnomad,I338V,1.56909484531468,-975.859579413401,-973.509097870656,-974.290484568086,-524.897372650816,9.48744622312711,0.010101141408086
wGRK2,pathogenic,A73T,0.105044169678422,-3114.81710129584,-3106.6693123035,-3114.71205712616,-3919.96841856806,-19.8823122986682,0.006696502678096
wGRK2,pathogenic,G77R,97.9852914006833,-3114.88800368345,-2750.87378963921,-3016.90271228276,-3866.3121322463,42.9666350583357,0.064122103154659
wGRK2,pathogenic,G77E,30.8819917297169,-3114.88800368345,-3005.39693431848,-3084.00601195373,-3896.62380992942,9.05644396524349,0.02709667943418
wGRK2,pathogenic,K89T,0.330178190647075,-3114.96675504358,-3113.25893001995,-3114.63657685293,-3910.14874868677,-3.11466604026782,0.004847476724535
wGRK2,pathogenic,K89E,-0.754400927499773,-3114.96675504358,-3114.42160502147,-3115.72115597108,-3920.71252937853,-14.574278676474,0.00371471606195
wGRK2,pathogenic,S147L,36.4336133682177,-3114.8503214114,-2587.32407212016,-3078.41670804319,-4329.24979605897,-423.624087842955,0.039024446159601
wGRK2,pathogenic,I171T,6.87016358463552,-3114.88141079757,-3107.9259266879,-3108.01124721294,-3902.13512509986,13.1392347614542,0.003775696270168
wGRK2,gnomad,A21S,1.2167404136303,-3115.43163348067,-3114.10177040141,-3114.21489306704,-3901.60713434985,21.2324690806936,0.004297095816582
wGRK2,gnomad,R49K,2.69751983597962,-3113.33648325568,-3110.22044162972,-3110.6389634197,-3929.01516366861,-35.6293413383046,0.006289321463555
wGRK2,gnomad,A73T,0.105044169678422,-3114.81710129584,-3106.6693123035,-3114.71205712616,-3940.85865138392,-36.0916275272434,0.006696502678096
wGRK2,gnomad,R129H,1.80848356661681,-3114.96629076484,-3113.12441206493,-3113.15780719823,-3904.11741161261,3.09686112361533,0.002108625834808
wGRK2,gnomad,V133I,3.8189246839479,-3115.98803683899,-3061.55635907738,-3112.16911215504,-3927.69439330699,-22.0906865474567,0.082927480340004
wGRK2,gnomad,D195N,4.7582543928711,-3116.357130134,-3109.45893697874,-3111.59887574112,-3899.49200307471,3.9078073443593,0.004033025819808
wGRK2,gnomad,R197H,1.3845583597531,-3114.85462639622,-3113.28388174114,-3113.47006803647,-3900.66145025267,0.199571122247107,0.002455667825416
wGRK2,gnomad,T198M,0.874672494068363,-3116.45682778055,-3111.59065029196,-3115.58215528648,-3900.98459659871,13.1900889586673,0.006528830621392
wGRK2,gnomad,I208V,1.25842329728312,-3115.6199624071,-3110.12757199289,-3114.36153910982,-3905.88838078057,-1.89974547364454,0.006703563034534
wGRK2,gnomad,V213M,3.18460636546388,-3116.28708635891,-3112.31722679861,-3113.10247999345,-3894.8506847044,4.42257076676924,0.011139779351652
wGRK2,gnomad,M263V,-2.28097509562076,-3114.91875186897,-3116.09543971704,-3117.19972696459,-3877.94580347656,51.8183600458792,0.009049947373569
wGRK2,gnomad,R283W,35.6895215038917,-3114.92317252913,-2584.74359255301,-3079.23365102524,-3869.30775357425,30.3799127196962,0.05936286225915
wGRK2,gnomad,G302S,9.973889875449,-3114.87931744194,-3103.84406736949,-3104.90542756649,-3913.96836095962,-4.87311032762136,0.006533511448652
wGRK2,gnomad,D303N,5.75745994834961,-3114.95698847356,-3107.80952277332,-3109.19952852521,-3892.3088502797,5.04487255312051,0.002467076061293
wGRK2,gnomad,A309T,0.792796840135452,-3114.96187116052,-3112.42688193137,-3114.16907432038,-4034.44324140909,-90.1946519142184,0.006168654654175
wGRK2,gnomad,D322H,-0.591028078165891,-3114.97131556668,-3115.12557797804,-3115.56234364485,-3904.17730005749,35.1461131715719,0.004860002081841
wGRK2,gnomad,D323N,0.244073871973342,-3114.95197330732,-3114.71365739499,-3114.70789943535,-3902.30086561756,4.41050821457202,0.0038970077876
wGRK2,gnomad,S2R,3.15652509439769,-3114.87993718502,-3111.70458579083,-3111.72341209062,-3903.95149058092,-1.28355026997133,0.001587912091054
wGRK2,gnomad,E12D,0.264130281625967,-3114.9165478325,-3114.34548766461,-3114.65241755087,-3902.37491130066,35.5943551358437,0.002868196228519
wGRK2,gnomad,R22Q,1.85240970747736,-3115.414620071,-3112.55579895514,-3113.56221036352,-3912.54958642658,27.3460740830951,0.008419893682003
wGRK2,gnomad,T31I,5.81811077107795,-3114.92142998405,-3107.54464038518,-3109.10331921297,-3898.81170908291,35.3967989830753,0.007422083523124
wGRK2,gnomad,G36R,-0.737217364444405,-3114.95903797345,-3115.61655579358,-3115.69625533789,-3908.07587492285,0.357491557934736,0.004072007257491
wGRK2,gnomad,G36E,-1.44870800667422,-3114.95903797345,-3116.4178215463,-3116.40774598012,-3908.0693681789,17.4908785969528,0.000600528146606
wGRK2,gnomad,D38E,-0.246600337641212,-3114.96553133344,-3115.21082564257,-3115.21213167108,-3905.0682107484,56.0477003609694,0.001512176240794
wGRK2,gnomad,I43M,8.06820148893257,-3114.89427603399,-3051.93709294605,-3106.82607454505,-3893.7664337278,11.3152216505669,0.01707455329597
wGRK2,gnomad,R49K,2.69751983597962,-3113.33648325568,-3110.22044162972,-3110.6389634197,-3891.71463893171,10.2005494769332,0.006289321463555
wGRK2,gnomad,D66E,6.00000038291364,-3114.9489292361,-3108.94409356934,-3108.94892885319,-4003.27327426184,-100.603830541956,0.001786824897863
wGRK2,gnomad,V71L,1.99252152028521,-3114.92226374825,-3063.68238557342,-3112.92974222796,-3904.77116128669,39.513910822262,0.019347937777639
wGRK2,gnomad,L79V,15.1453336503473,-3114.96457008954,-2970.28574430408,-3099.81923643919,-3940.56456714526,-37.6094346626924,0.033432893455029
wGRK2,gnomad,S84T,1.254061682062,-3113.20644744441,-3100.61627811443,-3111.95238576235,-3941.20677379858,-33.5427227004229,0.007872807793319
wGRK2,gnomad,N88T,0.253301473225292,-3114.92802383176,-3114.47126152106,-3114.67472235854,-3915.4668338465,-14.7751880361088,0.002146971877664
wGRK2,gnomad,A104T,12.7592275359502,-3114.86762425293,-3089.29009335996,-3102.10839671698,-3917.99195118326,1.88256078403492,0.014794080518186
wGRK2,gnomad,Y105F,-0.41916421727592,-3115.75034277015,-3115.29524780871,-3116.16950698742,-3920.22178318391,85.4965477135197,0.008379436098039
wGRK2,gnomad,C114S,0.545214506069442,-3114.93734690667,-3113.70273590781,-3114.3921324006,-3905.94228058616,-0.695411368154055,0.004745279438794
wGRK2,gnomad,I120V,0.059587277366973,-3114.92252424914,-3114.67679590847,-3114.86293697177,-3903.77138009296,-1.63274322172947,0.002818666165695
wGRK2,gnomad,I123V,2.35499481688385,-3114.85835022853,-3112.12649120434,-3112.50335541165,-3900.08290826016,11.0619551289547,0.005446792580187
wGRK2,gnomad,I123T,7.14324197809492,-3114.85835022853,-3107.4912216252,-3107.71510825044,-3899.62805580037,0.330710515640021,0.005061436910182
wGRK2,gnomad,R129H,1.80717385837352,-3114.96629076484,-3113.12441206493,-3113.15911690647,-3940.78562502377,-38.5095376456511,0.002120420336723
wGRK2,gnomad,R137G,7.43397636137843,-3114.95517653898,-3107.16458501233,-3107.5212001776,-3920.56834970797,-18.3140886956776,0.009706468321383
wGRK2,gnomad,T143A,2.87475098603136,-3114.96157928057,-3112.06404098195,-3112.08682829454,-3900.68787796583,36.8261419674777,0.001437456463464
wGRK2,gnomad,I157V,1.92740432037181,-3106.49888434919,-3103.9377212337,-3104.57148002881,-3901.831631478,4.18271049251098,0.005993204191327
wGRK2,gnomad,T159S,4.32293976039864,-3114.75721181865,-3110.38656163115,-3110.43427205825,-3899.45806554207,22.6578729846246,0.00297995377332
wGRK2,gnomad,T164A,0.616673337208795,-3114.97824800845,-3114.1713962218,-3114.36157467124,-3913.79936689965,-12.9156288306858,0.004232441540807
wGRK2,gnomad,T173I,6.30749247668564,-3114.93497758948,-3092.76625177554,-3108.62748511279,-3899.43695142605,1.9165798122749,0.007192275486887
wGRK2,gnomad,G174S,3.37907671220773,-3114.93812408789,-3111.36038562506,-3111.55904737568,-3903.06420318442,119.662463866962,0.003308219369501
wGRK2,gnomad,V178L,15.2343303183307,-3115.05903727589,-3009.18883084686,-3099.82470695756,-3907.71731458755,-5.94425547838227,0.036802940070629
wGRK2,gnomad,S191A,0.371642491796138,-3114.93686142459,-3114.48397370493,-3114.56521893279,-3922.55592407885,-20.3564423850539,0.003307830542326
wGRK2,gnomad,A193S,1.59450394878377,-3116.44692782054,-3114.37603154608,-3114.85242387176,-4000.97702163758,-97.5727403651445,0.001772919204086
wGRK2,gnomad,D195N,4.7582543928711,-3116.357130134,-3109.45893697874,-3111.59887574112,-3905.20320924645,-1.78471044929756,0.004033025819808
wGRK2,gnomad,R197C,1.98780458539659,-3114.85462639622,-3112.72670810242,-3112.86682181082,-3903.22492194094,8.17136795718307,0.002188589423895
wGRK2,gnomad,R197H,1.3845583597531,-3114.85462639622,-3113.28388174114,-3113.47006803647,-3939.62295797538,-39.3869223208517,0.002455667825416
wGRK2,gnomad,T198K,1.16910837493379,-3116.45682778055,-3110.15585049706,-3115.28771940561,-3894.87035465706,10.8305995493338,0.008985833264887
wGRK2,gnomad,S207C,1.2307127632489,-3111.69259792056,-3108.64029221017,-3110.46188515731,-3890.97345382086,-7.39515013652363,0.005419144872576
wGRK2,gnomad,I208V,1.36388566338246,-3115.68690651565,-3110.2115748886,-3114.32302085227,-3910.41545993123,96.771804564788,0.007279312238097
wGRK2,gnomad,K209R,0.41036086805525,-3112.20501668806,-3111.27199527889,-3111.79465582,-3908.34567063468,-3.34610537589833,0.004159152507782
wGRK2,gnomad,D212H,6.9579001136126,-3116.27423383261,-3092.92917285272,-3109.316333719,-3934.33087642949,-14.6681685440435,0.018416894599795
wGRK2,gnomad,V213M,3.18460636546388,-3116.28708635891,-3112.31722679861,-3113.10247999345,-3893.75667830344,6.27175467723282,0.011139779351652
wGRK2,gnomad,M217V,2.36701742518517,-3114.92555365691,-3110.86787625596,-3112.55853623172,-3899.05874148714,1.87010370160306,0.00896655023098
wGRK2,gnomad,R219Q,3.30019519336611,-3114.95425051071,-3111.56133068945,-3111.65405531735,-3902.81261729795,0.243515576431491,0.002314962912351
wGRK2,gnomad,I223V,3.09653802901994,-3114.85226872071,-3115.21376389369,-3111.7557306917,-3887.50662361909,34.4910138790497,0.022711221128702
wGRK2,gnomad,F241V,11.0715587524337,-3113.19042213193,-3033.5835363119,-3102.1188633795,-3953.03243485671,-37.9272939229618,0.014038641937077
wGRK2,gnomad,G244V,67.1947546924939,-3114.7062844579,-2548.38180472876,-3047.5115297654,-5297.53560122735,-1395.25226059842,0.04040090367198
wGRK2,gnomad,A248V,25.7718057899524,-3114.6650766939,-2909.5760504137,-3088.89327090395,-3963.00302627786,-60.0202584902977,0.038359727710486
wGRK2,gnomad,T249M,1.49177456067127,-3114.89189118479,-3111.93759752676,-3113.40011662412,-3946.75989676337,0.326625338877875,0.003397273365408
wGRK2,gnomad,F253L,19.8603455815955,-3114.84606145683,-3075.81659734066,-3094.98571587523,-5297.71155590397,-1297.7563343416,0.035869501531124
wGRK2,gnomad,D258Y,14.9636160385103,-3115.5246509077,-2924.68120635271,-3100.56103486919,-3935.51895396304,-36.7024183264616,0.018000902608037
wGRK2,gnomad,L262V,18.1755512235882,-3114.95243690387,-3012.45374612303,-3096.77688568028,-3890.76763081224,23.8535996184796,0.035620324313641
wGRK2,gnomad,M263V,-2.28097509562076,-3114.91875186897,-3116.09543971704,-3117.19972696459,-3880.88605723339,21.6573311678103,0.009049947373569
wGRK2,gnomad,M263T,-1.59609251881511,-3114.91875186897,-3115.84374642138,-3116.51484438778,-3994.64824324765,-84.3647405139909,0.006887449417263
wGRK2,gnomad,H266N,2.8585013135239,-3114.91992725227,-3111.60002801273,-3112.06142593875,-3897.46087510649,2.20179920146666,0.003030565334484
wGRK2,gnomad,H266R,6.55901160296298,-3114.91992725227,-3108.0060623254,-3108.36091564931,-4008.72069515327,-101.70294554019,0.003937093541026
wGRK2,gnomad,N268D,-0.705570061235449,-3114.93243046613,-3115.53475198821,-3115.63800052737,-3901.65614540084,9.49278719455651,0.002321989508346
wGRK2,gnomad,N268I,6.76364834464357,-3114.93243046613,-3093.99623825988,-3108.16878212149,-3912.78852694709,-11.7878579404091,0.004444838967174
wGRK2,gnomad,G272S,2.09154039515352,-3114.7534966135,-3112.11716822454,-3112.66195621834,-5229.94210231445,-1286.25267833966,0.004113045521081
wGRK2,gnomad,S275A,-1.4690044130457,-3114.67681827474,-3115.96441477841,-3116.14582268778,-3902.55729633245,2.72638696785498,0.001917447312735
wGRK2,gnomad,R280C,7.73760801924936,-3114.93658321357,-3106.86366502798,-3107.19897519432,-3901.86106942762,8.28979738496309,0.004440446384251
wGRK2,gnomad,R280H,4.90963165712401,-3114.93658321357,-3109.61026104335,-3110.02695155644,-3897.21510188868,9.01947100619873,0.008332104422152
wGRK2,gnomad,A287T,-0.900171819396746,-3114.88992434921,-3112.27544290492,-3115.79009616861,-3887.6318610661,26.4770698271204,0.007042291108519
wGRK2,gnomad,I296T,6.68055118020902,-3114.92070850481,-3108.72840670099,-3108.2401573246,-3922.10264070814,-3.02754376206667,0.009374370798469
wGRK2,gnomad,A299T,9.7547071091617,-3114.96154593388,-3083.49821007365,-3105.20683882472,-3920.76206838054,3.58893162828053,0.011307801119983
wGRK2,gnomad,M300V,8.68381801532769,-3114.92650753782,-3099.64133006952,-3106.24268952249,-3923.92605024179,-20.8844155483112,0.021304238587618
wGRK2,gnomad,G302S,9.973889875449,-3114.87931744194,-3103.84406736949,-3104.90542756649,-3906.95217683594,-0.015881682732925,0.006533511448652
wGRK2,gnomad,D303N,5.75745994834961,-3114.95698847356,-3107.80952277332,-3109.19952852521,-3941.05087983809,-41.2983160590579,0.002467076061293
wGRK2,gnomad,R304H,5.78013426513644,-3114.20777797236,-3097.7631841624,-3108.42764370722,-5365.11600504941,-1354.93311502115,0.012831407599151
wGRK2,gnomad,A305T,4.86625765966846,-3114.94872169965,-3095.49334956117,-3110.08246403998,-3908.67328011966,-5.3369631197138,0.01907553896308
wGRK2,gnomad,A309G,2.27169712057866,-3114.96187116052,-3112.33293121403,-3112.69017403994,-3967.32714353176,-27.0591549451651,0.000847664719913
wGRK2,gnomad,D312V,6.15883076383761,-3114.9748089748,-3096.09354281073,-3108.81597821096,-3883.42617168441,49.2795628114113,0.014588142745197
wGRK2,gnomad,V315M,21.5154793839724,-3115.50930854286,-2933.13142003497,-3093.99382915889,-5339.25566518264,-1349.43987941137,0.035189367830753
wGRK2,gnomad,L318I,14.0329454605562,-3114.94501396924,-3078.45944630586,-3100.91206850869,-5238.30497355674,-1328.30114500526,0.01067101303488
wGRK2,gnomad,D322N,1.08467494512979,-3114.97131556668,-3113.78722639388,-3113.88664062155,-3909.13812820592,-5.78784923050353,0.002631437499076
wGRK2,gnomad,D322G,1.90796934514674,-3114.97131556668,-3112.74898880303,-3113.06334622153,-3902.62388494122,-0.694225094807734,0.005819964688271
wGRK2,gnomad,D323N,0.244073871973342,-3114.95197330732,-3114.71365739499,-3114.70789943535,-3901.28627850698,20.8249653113012,0.0038970077876
wGRK2,gnomad,M325V,1.25550074198964,-3114.8739124304,-3106.44321520068,-3113.61841168841,-5080.03508305954,-1174.14045775196,0.006958342622966
wGRK2,gnomad,V327M,5.39666700028965,-3114.83896661303,-3035.96589194575,-3109.44229961274,-3955.61183371945,-50.3326584273841,0.015573697164655
wGRK2,gnomad,F335L,-2.52624432340144,-3114.12839641321,-3115.1916461379,-3116.65464073661,-5238.82826408009,-32.263821768569,0.012065165676177
wGRK2,gnomad,I338V,1.75038806838347,-3113.1841273025,-3111.02683720149,-3111.43373923412,-3989.74247808023,-81.223677296603,0.004995529539883
wPREX1,pathogenic,A73T,9.79246800383999,-3515.43966170248,-3457.32722773914,-3505.64719369864,-4613.91450272739,-9.02919287706118,0.015252311713994
wPREX1,pathogenic,G77R,13.3618387552483,-3515.47984817953,-3490.91961862435,-3502.11800942428,-4616.39427874315,7.73303786808901,0.011915248818696
wPREX1,pathogenic,G77E,21.8549523223674,-3515.47984817953,-3457.01158769488,-3493.62489585716,-4650.27992112148,-44.071069912281,0.015677578747273
wPREX1,pathogenic,K89T,1.1847175880871,-3515.42726160734,-3513.81735078159,-3514.24254401926,-4609.46351119584,9.06514077200518,0.005835075862706
wPREX1,pathogenic,K89E,0.216046292072406,-3515.42726160734,-3514.99199496749,-3515.21121531527,-4606.86590545514,51.3457418678081,0.003430937416852
wPREX1,pathogenic,S147L,36.0152080956232,-3515.47789622661,-2955.65031017295,-3479.46268813099,-4755.34782604633,-92.8378772771493,0.049470901489258
wPREX1,pathogenic,I171T,6.54311184147855,-3515.45009393575,-3508.764137502,-3508.90698209427,-4611.63273912153,4.15061266106568,0.003897462505847
wPREX1,gnomad,A21S,1.42678703507909,-3515.29689940897,-3513.71599128947,-3513.87011237389,-4623.94156252601,2.31917150242589,0.006365943234414
wPREX1,gnomad,R49K,3.46650694253003,-3515.43612699592,-3511.40742528105,-3511.96962005339,-4608.21741679252,5.69429799231693,0.011104594916105
wPREX1,gnomad,A73T,9.79246800383999,-3515.43966170248,-3457.32722773914,-3505.64719369864,-4630.89046993744,-22.7325911777607,0.015252311713994
wPREX1,gnomad,R129H,0.874942044002637,-3515.49201879424,-3514.61816702101,-3514.61707675023,-4612.32992793518,20.960653191918,0.000229078941629
wPREX1,gnomad,V133I,2.22451178735537,-3515.46114121117,-3504.12980443559,-3513.23662942381,-4607.8152136352,19.0864214509111,0.012141494080424
wPREX1,gnomad,D195N,3.75914733329864,-3515.46212175616,-3509.98746979335,-3511.70297442286,-4606.50041358208,27.6255680837921,0.009055502712727
wPREX1,gnomad,R197H,2.35151153577317,-3515.47444594682,-3512.73031542976,-3513.12293441104,-4603.55105680253,82.5402808998106,0.002860699314624
wPREX1,gnomad,T198M,1.72951711134056,-3515.47597892227,-3506.19344318152,-3513.74646181093,-4597.49989299152,18.6955189244427,0.021858269348741
wPREX1,gnomad,I208V,0.656323425600476,-3515.28957333732,-3513.75675288561,-3514.63324991172,-4629.95336219642,-10.3943243184358,0.005873763468117
wPREX1,gnomad,V213M,4.76556290886401,-3515.35463700915,-3509.96104838196,-3510.58907410029,-4605.64912162027,4.31408868134349,0.015636751428247
wPREX1,gnomad,M263V,-1.17902675174901,-3515.4505676848,-3515.19716395414,-3516.62959443655,-4602.94663342051,89.80927039166,0.001943136565387
wPREX1,gnomad,R283W,31.6170649109486,-3515.65510453237,-3096.39171512885,-3484.03803962142,-4612.0534427162,-5.77654160390193,0.049638461321592
wPREX1,gnomad,G302S,5.44131588984101,-3515.47248236775,-3509.08690260468,-3510.03116647791,-4593.00335954136,13.538570989469,0.007154214195907
wPREX1,gnomad,D303N,0.850246605872599,-3515.48793603467,-3514.64872322903,-3514.6376894288,-4607.32561519235,15.2814976205218,0.001289398642257
wPREX1,gnomad,A309T,0.091465389196401,-3515.46616034154,-3514.04444909876,-3515.37469495234,-4708.43238979289,-86.0009620204755,0.006968818604946
wPREX1,gnomad,D322H,-0.261850274550397,-3515.48003094182,-3515.44921719625,-3515.74188121637,-4604.1597611131,24.4483557049889,0.004167440347373
wPREX1,gnomad,D323N,-0.113851319197238,-3515.45952011812,-3515.58028918504,-3515.57337143732,-4605.92591510097,13.972118597012,0.001042812946253
wPREX1,gnomad,S2R,2.92830230811842,-3515.46115422705,-3512.57089921241,-3512.53285191893,-4649.3445569335,130.710874350792,0.001032212981954
wPREX1,gnomad,E12D,0.98364883031536,-3515.45352186553,-3514.40584571716,-3514.46987303521,-4602.58356769881,10.5532467271496,0.00336540909484
wPREX1,gnomad,R22Q,4.47062220741054,-3515.38836396811,-3510.57068497621,-3510.9177417607,-4601.71010291183,3.36892065022766,0.005015514325351
wPREX1,gnomad,T31I,2.30150684903265,-3515.46988931025,-3511.28191863642,-3513.16838246122,-4608.31001253351,12.6771925924231,0.005450863856822
wPREX1,gnomad,G36R,-0.538178026724836,-3515.35327481608,-3515.83068604413,-3515.8914528428,-4605.536262207,-0.465481120510958,0.000866377085913
wPREX1,gnomad,G36E,-1.93456750701171,-3515.35327481608,-3517.29311449894,-3517.28784232309,-4607.55357350171,14.0379527882033,0.002736816415563
wPREX1,gnomad,D38E,0.754954432295108,-3515.12228011384,-3514.37764193483,-3514.36732568155,-4621.91584929593,26.6562601577525,0.001614438835531
wPREX1,gnomad,I43M,-1.24655438381706,-3513.37885625722,-3492.75965285229,-3514.62541064104,-4590.99304449505,11.8071293949151,0.010441940277815
wPREX1,gnomad,R49K,3.46650694253003,-3515.43612699592,-3511.40742528105,-3511.96962005339,-4602.44119059651,65.3835799960134,0.011104594916105
wPREX1,gnomad,D66E,3.73815678797564,-3514.81265209866,-3508.99668549948,-3511.07449531069,-4607.37711881764,2.43669117790341,0.004580615554005
wPREX1,gnomad,V71L,4.49460579712013,-3515.45264515988,-3468.12185130136,-3510.95803936276,-4654.31247817525,-21.3167731474477,0.019042694941163
wPREX1,gnomad,L79V,9.66569224451814,-3515.45948043957,-3486.37867716219,-3505.79378819506,-4617.07569706549,-7.7169791459819,0.024023139849305
wPREX1,gnomad,S84T,1.69336569112011,-3516.99149371438,-3401.12562515637,-3515.29812802326,-4634.92439665825,53.5345080167281,0.006390355993062
wPREX1,gnomad,N88T,0.339286244879986,-3515.4282614824,-3514.91840659624,-3515.08897523752,-4663.25087267403,-56.7633379952085,0.00191287486814
wPREX1,gnomad,A104T,8.1581097454814,-3515.45582223396,-3500.07251691464,-3507.29771248848,-4613.74873172465,-10.9820283190475,0.012192339636386
wPREX1,gnomad,Y105F,-0.249891320208008,-3514.64917926902,-3512.53643755761,-3514.89907058923,-4615.85266590178,6.8685949535793,0.007324471138418
wPREX1,gnomad,C114S,1.19700758849467,-3515.32658530805,-3513.97820224721,-3514.12957771955,-4613.35523138266,-7.0661720747139,0.004197316709906
wPREX1,gnomad,I120V,-0.072943405479691,-3515.44258428908,-3515.22686931141,-3515.51552769456,-4622.29430238748,4.09781902547638,0.002324082655832
wPREX1,gnomad,I123V,1.66507491963375,-3515.45835990628,-3512.91842306625,-3513.79328498665,-4644.18278576246,-23.9305794043757,0.006112540606409
wPREX1,gnomad,I123T,6.38137235600516,-3515.45835990628,-3508.34883749545,-3509.07698755028,-4619.12344266686,-18.0284142850924,0.006224639713764
wPREX1,gnomad,R129H,0.874942044002637,-3515.49201879424,-3514.61816702101,-3514.61707675023,-4626.35140728276,-23.6713005205111,0.000229078941629
wPREX1,gnomad,R137G,5.79382741780091,-3515.43669657504,-3509.53978822096,-3509.64286915724,-4603.86204448242,-1.69683569113658,0.004001307766885
wPREX1,gnomad,T143A,3.01743454703865,-3515.49421192293,-3512.45164520973,-3512.47677737589,-4606.58083692161,24.2735316962535,0.001463116961531
wPREX1,gnomad,I157V,2.89493904660912,-3515.39207864326,-3512.29293314167,-3512.49713959665,-4666.90437281702,-50.7648908795718,0.004108192864805
wPREX1,gnomad,T159S,3.91898408978113,-3515.45286135305,-3511.45614153828,-3511.53387726327,-4660.74863618018,-36.8928824400928,0.001792236114852
wPREX1,gnomad,T164A,-0.074568273700606,-3515.46488216798,-3515.36078990422,-3515.53945044168,-4678.14338933323,-73.5903287400024,0.004134357906878
wPREX1,gnomad,T173I,4.92164776072514,-3515.46541840109,-3495.49525580978,-3510.54377064037,-4709.34503131338,-101.02865062688,0.01199848856777
wPREX1,gnomad,G174S,14.766739709487,-3515.33013375441,-3471.2270566289,-3500.56339404493,-4603.61639103248,14.2791095421217,0.0211023055017
wPREX1,gnomad,V178L,5.77679114973034,-3515.45416808496,-3478.88335022485,-3509.67737693523,-4601.43022943122,17.8781898194238,0.012265172787011
wPREX1,gnomad,S191A,1.44335912750103,-3515.45548397867,-3513.89947553485,-3514.01212485117,-4621.22794085294,-16.7427968964175,0.002359588164836
wPREX1,gnomad,A193S,0.378401611249956,-3514.92466732725,-3513.60725133034,-3514.546265716,-4591.10360742845,5.07097943345343,0.008979032747447
wPREX1,gnomad,D195N,3.75914733329864,-3515.46212175616,-3509.98746979335,-3511.70297442286,-4618.8010921645,9.15588074899188,0.009055502712727
wPREX1,gnomad,R197C,3.79641653041972,-3515.47444594682,-3511.59479647764,-3511.6780294164,-4626.68976435493,-22.4115826169036,0.003070452483371
wPREX1,gnomad,R197H,2.35151153577317,-3515.47444594682,-3512.73031542976,-3513.12293441104,-4616.78123509573,10.4055042578348,0.002860699314624
wPREX1,gnomad,T198K,4.04130213876897,-3515.47597892227,-3491.74738409284,-3511.4346767835,-4656.32823790888,7.08781119588912,0.022567050531507
wPREX1,gnomad,S207C,3.71641864567073,-3515.42878812026,-3506.79689610745,-3511.71236947459,-4612.30226765802,-9.48644362736195,0.005362393334508
wPREX1,gnomad,I208V,0.656323425600476,-3515.28957333732,-3513.75675288561,-3514.63324991172,-4632.78355793879,-10.8507443531289,0.005873763468117
wPREX1,gnomad,K209R,0.992807708429154,-3515.46529589518,-3514.26919248749,-3514.47248818675,-4645.87976981086,-44.4219585453648,0.003001747420058
wPREX1,gnomad,D212H,6.84376492657339,-3515.45068411696,-3444.67373839919,-3508.60691919039,-4726.79968177385,-34.9023048835406,0.029076168313623
wPREX1,gnomad,V213M,4.76556290886401,-3515.35463700915,-3509.96104838196,-3510.58907410029,-4608.58732173613,52.7010817138371,0.015636751428247
wPREX1,gnomad,M217V,4.66797564977969,-3515.32299742648,-3510.32054353861,-3510.6550217767,-4606.40513058301,19.5786466422869,0.002860814100131
wPREX1,gnomad,R219Q,6.63299020365366,-3515.45932948062,-3508.45494831453,-3508.82633927697,-4617.80248182586,-12.7647059748588,0.004623732529581
wPREX1,gnomad,I223V,-0.44189255154788,-3515.43468791296,-3515.85918589926,-3515.87658046451,-4663.31215981194,-37.7108537684308,0.001715569058433
wPREX1,gnomad,F241V,12.6036008403376,-3515.27376193191,-3480.99501088876,-3502.67016109158,-4601.28678792708,158.198188230507,0.009612111374736
wPREX1,gnomad,G244V,61.2008758075554,-3515.15025014054,-2953.08787530593,-3453.94937433299,-5833.63513375139,-1219.89575004038,0.057039219886065
wPREX1,gnomad,A248V,14.6475340982911,-3515.24570585162,-3471.38220064703,-3500.59817175333,-4661.9702910335,-52.4692081511485,0.01497223880142
wPREX1,gnomad,T249M,4.46911934380478,-3515.314137732,-3509.37299385152,-3510.8450183882,-4601.59723791621,3.27826203455425,0.004848086740822
wPREX1,gnomad,F253L,11.610841136574,-3515.29496857773,-3437.72385934433,-3503.68412744115,-4612.06391586494,5.83059397650686,0.021403446793556
wPREX1,gnomad,D258Y,30.3584813419152,-3515.30179195268,-3356.18843998094,-3484.94331061077,-4598.48498639305,3.76627987651136,0.057229369878769
wPREX1,gnomad,L262V,9.18845616456474,-3515.40610333704,-3445.2471352999,-3506.21764717247,-4708.73103745661,-82.4725043353128,0.017292527481914
wPREX1,gnomad,M263V,-1.17902675174901,-3515.4505676848,-3515.19716395414,-3516.62959443655,-4612.8639356316,10.8432710482657,0.001943136565387
wPREX1,gnomad,M263T,-1.37120577959831,-3515.4505676848,-3515.72758513367,-3516.8217734644,-4641.21382476741,-17.8144099683159,0.002359572099522
wPREX1,gnomad,H266N,2.52332220418293,-3515.44783485766,-3512.63427240365,-3512.92451265348,-4602.06112074484,3.25365392805907,0.002281489782035
wPREX1,gnomad,H266R,5.38708218849069,-3515.44783485766,-3509.81012090025,-3510.06075266917,-4768.40576209983,-51.7243476304548,0.003840998280793
wPREX1,gnomad,N268D,0.224585767514782,-3515.45020610621,-3515.1891251971,-3515.22562033869,-4628.75149924236,-8.52576717369902,0.002090149093419
wPREX1,gnomad,N268I,5.96868213393464,-3515.45020610621,-3505.74212336292,-3509.48152397227,-4617.99138471548,3.14211490673279,0.005987213924527
wPREX1,gnomad,G272S,-1.50414509175107,-3515.19726600903,-3515.53514083635,-3516.70141110078,-4634.48428967715,-21.1688561351693,0.005726796109229
wPREX1,gnomad,S275A,-1.14672802428686,-3515.36540878575,-3516.40462642549,-3516.51213681004,-4660.7662472155,-54.4069081126754,0.002426990075037
wPREX1,gnomad,R280C,7.61656950948645,-3515.4034163064,-3507.29729476767,-3507.78684679692,-4664.43962429384,-59.3307897766517,0.007174884900451
wPREX1,gnomad,R280H,4.22011222370156,-3515.4034163064,-3510.1157233325,-3511.1833040827,-4617.32486375583,-9.00205121979525,0.011867162771523
wPREX1,gnomad,A287T,5.72693364732231,-3515.27322989724,-3494.89086580576,-3509.54629624991,-4667.29651819961,-56.0807569980834,0.007149743381888
wPREX1,gnomad,I296T,6.01876008843783,-3512.21489240389,-3506.17609381305,-3506.19613231545,-4625.94681808681,-0.646309004448995,0.002592398086563
wPREX1,gnomad,A299T,6.20521453762422,-3515.47480209582,-3499.53905614521,-3509.2695875582,-4604.22776671414,1.65256301968748,0.009707664139569
wPREX1,gnomad,M300V,4.07662317066206,-3515.07598870826,-3509.39443335026,-3510.9993655376,-4642.55083108443,-21.735981756141,0.009107022546232
wPREX1,gnomad,G302S,5.44131588984101,-3515.47248236775,-3509.08690260468,-3510.03116647791,-4602.90853363499,4.92754642944328,0.007154214195907
wPREX1,gnomad,D303N,0.850246605872599,-3515.48793603467,-3514.64872322903,-3514.6376894288,-4609.9946876955,-5.11093526786863,0.001289398642257
wPREX1,gnomad,R304H,1.69591293258873,-3515.42404389962,-3511.57591149571,-3513.72813096703,-4628.46635092704,26.8429730410598,0.008987036533654
wPREX1,gnomad,A305T,6.92198967425065,-3515.48755552339,-3462.36905224522,-3508.56556584914,-4629.03740539657,-16.6391566964685,0.021878655999899
wPREX1,gnomad,A309G,2.16341153634312,-3515.46616034154,-3513.20080435634,-3513.30274880519,-4602.81042433416,47.292574379092,0.003169348463416
wPREX1,gnomad,D312V,5.97905540886086,-3515.48538521569,-3507.00454369076,-3509.50632980683,-4612.79725105742,8.1128782336009,0.028462940827012
wPREX1,gnomad,V315M,18.8285620341539,-3515.17049973164,-3398.65945213219,-3496.34193769749,-4716.19014725326,-110.607059000618,0.030954973772168
wPREX1,gnomad,L318I,11.3118794044599,-3515.11958754263,-3489.36452140482,-3503.80770813817,-4602.67778391385,0.262023157730255,0.00657474109903
wPREX1,gnomad,D322N,1.22921946670112,-3515.48003094182,-3514.19875693586,-3514.25081147511,-4606.57160111403,18.1070435394722,0.002326729940251
wPREX1,gnomad,D322G,1.97715252321586,-3515.48003094182,-3513.37063237614,-3513.5028784186,-4604.21838899964,4.6617286052342,0.003719040425494
wPREX1,gnomad,D323N,-0.113851319197238,-3515.45952011812,-3515.58028918504,-3515.57337143732,-4642.10670371128,-21.4882931956063,0.001042812946253
wPREX1,gnomad,M325V,1.41013426914788,-3515.45127636662,-3503.14243396267,-3514.04114209747,-4609.20322265793,-1.50303711822926,0.00918310880661
wPREX1,gnomad,V327M,-3.33119048744493,-3513.00375352412,-3506.19749166719,-3516.33494401157,-5787.76863089825,489.799472064534,0.006553303450346
wPREX1,gnomad,F335L,-0.956071983679976,-3515.4663510582,-3516.17159500906,-3516.42242304188,-4602.54088852115,4.30370891182247,0.003336133668199
wPREX1,gnomad,I338V,-0.003587961798075,-3515.4939998806,-3515.31982844456,-3515.49758784239,-4603.9233232482,38.4990177465716,0.002975161653012
unpaired,pathogenic,E130K,1.71847993271263,-1196.14933595542,-1193.93454322646,-1194.4308560227,-3132.6340081951,-2.75974796723312,0.009520581923425
wKCTD12,pathogenic,E130K,3.74115581405749,-7498.68624057149,-7492.49567930727,-7494.94508475744,-14486.9869727116,93.6447591767283,0.002671120222658
phospho,pathogenic,E130K,0.610178776899147,-976.729585946151,-976.115969891673,-976.119407169252,-533.434978038879,0.065556607663211,0.001264953636564
wGRK2,pathogenic,E130K,3.90721724084733,-3114.96468677068,-3109.11465456822,-3111.05746952983,-3916.4416325049,-15.9440622842635,0.00380959152244
wPREX1,pathogenic,E130K,3.20558787822029,-3515.4801450747,-3511.62241163837,-3512.27455719648,-4622.40815185036,-1.06010121376039,0.004855519160628
wAlpha,pathogenic,A73T,8.54610849421806,-2238.8537539002,-2219.86269892717,-2230.30764540599,-4809.20885922032,99.77053420642,0.024607272818685
wAlpha,pathogenic,G77R,14.8101367508011,-2238.82515238105,-2077.274869657,-2224.01501563025,-4826.58058849749,-9.19339575668892,0.021575661376119
wAlpha,pathogenic,G77E,27.194536740124,-2238.82515238105,-1966.62715618879,-2211.63061564092,-4801.12008157916,38.143209154724,0.037679810076952
wAlpha,pathogenic,K89T,4.49541446740841,-2240.30842695292,-2228.5323976654,-2235.81301248551,-4796.74806404215,7.16644045476551,0.019258009269834
wAlpha,pathogenic,K89E,3.19289074504877,-2240.30842695292,-2229.17713253226,-2237.11553620787,-4836.68491621688,-23.6268819648485,0.009396006353199
wAlpha,pathogenic,E130K,3.67529808397057,-2238.81713189795,-2234.97410864072,-2235.14183381398,-4818.6383749414,19.3259397482943,0.002452078741044
wAlpha,pathogenic,S147L,28.9690689849203,-2238.75011890936,-1985.9477881709,-2209.78104992444,-4808.69616979856,18.5077225686482,0.044681888073683
wAlpha,pathogenic,I171T,5.70600484990564,-2236.50245334699,-2230.19507932268,-2230.79644849708,-4602.68205515151,13.4863705926209,0.005289762746543
wAlpha,gnomad,A21S,0.678823509620088,-2238.73911856026,-2237.95833873377,-2238.06029505065,-4895.69485264504,-77.503099476975,0.00571280438453
wAlpha,gnomad,R49K,6.39283437808581,-2239.80396809158,-2229.36890065489,-2233.41113371349,-4833.25333553452,5.49209405438432,0.014245683327317
wAlpha,gnomad,A73T,8.54610849421806,-2238.8537539002,-2219.86269892717,-2230.30764540599,-4818.33752426036,70.3106493140112,0.024607272818685
wAlpha,gnomad,R129H,0.74437208806512,-2238.7844931553,-2238.0234837406,-2238.04012106723,-4819.97221917909,87.4489314215152,0.002091444563121
wAlpha,gnomad,V133I,3.93864312285314,-2244.07759344528,-2202.40241620117,-2240.13895032243,-4796.47789346698,16.8079541709867,0.056594416499138
wAlpha,gnomad,D195N,3.93842894715044,-2238.81060095296,-2233.64603482606,-2234.87217200581,-4822.42162539341,-1.37688934902417,0.004227911587805
wAlpha,gnomad,R197H,1.85878948448044,-2238.81580707305,-2236.43844961648,-2236.95701758857,-4827.30782669394,-10.0838011085834,0.003903152653947
wAlpha,gnomad,T198M,0.644927357767756,-2238.80552547251,-2232.20320956248,-2238.16059811474,-4815.86678176874,5.48714963669045,0.013523259200156
wAlpha,gnomad,I208V,0.635477484880994,-2238.68890050699,-2237.77830023369,-2238.05342302211,-4788.27543258223,26.758190053275,0.0056436015293
wAlpha,gnomad,V213M,3.99352844568784,-2238.82987898385,-2234.54619018778,-2234.83635053816,-4844.76105463605,-21.1671284103522,0.007221020292491
wAlpha,gnomad,M263V,-0.14237582169244,-2238.8359701709,-2238.64216321938,-2238.97834599259,-4739.63475915383,75.9099209317365,0.003386951982975
wAlpha,gnomad,R283W,53.881592060578,-2238.98356177638,-1763.78174635464,-2185.1019697158,-2673.24759623927,2134.09611160398,0.132008075714111
wAlpha,gnomad,G302S,6.73700289622093,-2238.65845510295,-2230.86720642333,-2231.92145220673,-4804.88418385559,26.7427628270188,0.009022017009556
wAlpha,gnomad,D303N,0.695407648285254,-2239.40447835608,-2238.71398465765,-2238.70907070779,-4714.69308178241,3.35284424295878,0.001510030589998
wAlpha,gnomad,A309T,1.42862271270906,-2238.78216405164,-2237.25716595042,-2237.35354133893,-4803.14772444012,15.6985361887391,0.00222686980851
wAlpha,gnomad,D322H,0.10828820083816,-2238.80141702249,-2238.37981177625,-2238.69312882165,-4824.85299195069,-5.88395450790085,0.006051746197045
wAlpha,gnomad,D323N,0.420384554455268,-2239.08332413739,-2238.4381129476,-2238.66293958294,-4824.15791984584,0.546391337613386,0.004334877245128
wAlpha,gnomad,S2R,3.26950824727601,-2238.79759984038,-2235.49937541099,-2235.5280915931,-4821.16621310637,-7.94235619781011,0.000918196630664
wAlpha,gnomad,E12D,-0.154776257340927,-2239.14458179847,-2239.24066915116,-2239.29935805582,-4836.43768151025,-20.4125155955926,0.002717114984989
wAlpha,gnomad,R22Q,3.95868044076224,-2238.7819167891,-2234.7579620439,-2234.82323634834,-4899.38963673198,-77.789930146414,0.003740844316781
wAlpha,gnomad,T31I,2.56158724816032,-2238.99850714837,-2235.11681525257,-2236.43691990021,-4818.28226309139,0.226019308767718,0.003904161974788
wAlpha,gnomad,G36R,-0.468345626449263,-2238.96721588673,-2239.40541766944,-2239.43556151318,-4840.11110667911,-19.6146144842651,0.001909554935992
wAlpha,gnomad,G36E,-1.83906955581142,-2238.96721588673,-2240.8042061193,-2240.80628544254,-4827.8092313849,4.2978993036395,0.001311351195909
wAlpha,gnomad,D38E,0.753148965146011,-2238.7999979963,-2238.0612095164,-2238.04684903115,-4841.40317794116,-6.89821782583931,0.001406176015735
wAlpha,gnomad,I43M,3.52130243965257,-2238.80498942835,-2214.59313817068,-2235.2836869887,-4825.59168187214,-3.5007435129437,0.013981945812702
wAlpha,gnomad,R49K,6.40101370439288,-2239.79908516229,-2229.27136282112,-2233.3980714579,-4831.10808041972,-9.10092442727364,0.014124256558716
wAlpha,gnomad,D66E,5.41127828402432,-2238.79935106225,-2233.22198187645,-2233.38807277823,-4824.61089671468,-1.25761281738505,0.003942783921957
wAlpha,gnomad,V71L,-2.00254931267636,-2242.38276135164,-2214.2309724297,-2244.38531066431,-4823.86393036503,8.82479311174484,0.021667622029781
wAlpha,gnomad,L79V,13.2837115675343,-2240.86907708053,-2216.39799559857,-2227.58536551299,-4897.12238945332,-77.440928292559,0.024580948054791
wAlpha,gnomad,S84T,-2.31978798927503,-2237.98561752091,-2237.65644337575,-2240.30540551019,-4817.69951625674,9.94561340787004,0.011139809153974
wAlpha,gnomad,N88T,2.68684009715571,-2238.8026012315,-2233.91502442355,-2236.11576113434,-4830.87847954567,7.5940820061096,0.006092205643654
wAlpha,gnomad,A104T,12.5500939632207,-2238.81187392189,-2207.98651748683,-2226.26177995867,-4811.91242667491,1.24885120983527,0.017203621566296
wAlpha,gnomad,Y105F,0.835883112105421,-2240.04724805183,-2237.78901029534,-2239.21136493972,-4814.64713458045,23.9172376775805,0.011313727125526
wAlpha,gnomad,C114S,1.33124469485028,-2238.75206310782,-2236.95716822255,-2237.42081841297,-4815.26308377758,7.87931257725177,0.003753255354241
wAlpha,gnomad,I120V,-0.097124967037871,-2237.54426813132,-2237.46150635116,-2237.64139309836,-4810.72049842799,3.0634192225998,0.003758468199521
wAlpha,gnomad,I123V,3.68787075222872,-2238.78878235118,-2236.58249897704,-2235.10091159895,-4863.77868819883,-39.1418841042814,0.018750116229057
wAlpha,gnomad,I123T,7.62272388964311,-2238.78878235118,-2233.19918585226,-2231.16605846154,-4793.79030718212,82.7299318902242,0.015952317044139
wAlpha,gnomad,R129H,0.74437208806512,-2238.7844931553,-2238.0234837406,-2238.04012106723,-4812.80482688543,18.3971046731622,0.002091444563121
wAlpha,gnomad,R137G,7.36761126377178,-2236.08741569676,-2228.36232358412,-2228.71980443299,-4602.54727730383,3.14164727630123,0.010861276648939
wAlpha,gnomad,T143A,2.90506674388735,-2240.06549478444,-2237.15308328278,-2237.16042804055,-4813.74420178377,8.12873621729341,0.006676361430436
wAlpha,gnomad,I157V,2.06335719410436,-2236.19478116989,-2233.66146026815,-2234.13142397579,-4606.44380629135,11.6034403927333,0.005971334408969
wAlpha,gnomad,T159S,4.24294534112505,-2236.07873153762,-2232.02517366842,-2231.83578619649,-4739.24056625526,84.5029540479873,0.002500389935449
wAlpha,gnomad,T164A,0.566003789335809,-2238.79504683375,-2238.19562876174,-2238.22904304441,-4887.89292184968,5.3862505635052,0.003038999857381
wAlpha,gnomad,T173I,7.35815741601891,-2238.82081365354,-2216.70687177602,-2231.46265623752,-4815.25605882535,6.81428206719284,0.008471975103021
wAlpha,gnomad,G174S,5.04474850802853,-2238.61605722165,-2232.817260456,-2233.57130871362,-4796.69138080566,8.09283548961503,0.005807431414723
wAlpha,gnomad,V178L,2.37136668184394,-2238.83467314438,-2225.64824945894,-2236.46330646253,-4819.71203561292,-3.2811556021561,0.017479041591287
wAlpha,gnomad,S191A,1.32361333442077,-2238.79972807406,-2237.39535037986,-2237.47611473964,-4831.84847039618,8.1519263168002,0.002962603699416
wAlpha,gnomad,A193S,0.53821095352896,-2238.83998739739,-2237.74119933117,-2238.30177644386,-4828.15323032885,-7.12591574010821,0.008018139749765
wAlpha,gnomad,D195N,3.93842894715044,-2238.81060095296,-2233.64603482606,-2234.87217200581,-4828.41523486155,-5.52864571531791,0.004227911587805
wAlpha,gnomad,R197C,2.97108426604564,-2238.81580707305,-2235.19776905891,-2235.844722807,-4892.04103963934,-1.07544004474221,0.006189215462655
wAlpha,gnomad,R197H,1.85878948448044,-2238.81580707305,-2236.43844961648,-2236.95701758857,-4818.69223447148,-3.86204294348317,0.003903152653947
wAlpha,gnomad,T198K,2.40969741102754,-2238.80552547251,-2223.41439666875,-2236.39582806148,-4812.13420791567,13.4294889644989,0.021656820550561
wAlpha,gnomad,S207C,6.17254573533501,-2238.81926994071,-2197.81976365083,-2232.64672420538,-4724.21357609398,95.7444066922671,0.014849750325084
wAlpha,gnomad,I208V,0.571305398287677,-2238.67597657069,-2237.78825700114,-2238.10467117241,-4811.46898543058,26.3439741163365,0.005607267376035
wAlpha,gnomad,K209R,2.94660699531687,-2238.78328224602,-2233.65405223236,-2235.83667525071,-4821.74714113856,-6.02418671509258,0.008132440969348
wAlpha,gnomad,D212H,6.38206691042478,-2238.82564473262,-2224.63234666624,-2232.4435778222,-4817.98887786152,1.42144616987753,0.018650956451893
wAlpha,gnomad,V213M,3.99352844568784,-2238.82987898385,-2234.54619018778,-2234.83635053816,-4816.890470877,11.5299213786493,0.007221020292491
wAlpha,gnomad,M217V,4.67526738623019,-2238.79111623587,-2233.48265526879,-2234.11584884964,-4816.09182508635,1.66617274883174,0.005376215558499
wAlpha,gnomad,R219Q,4.95499002019369,-2238.79620262675,-2233.52794836655,-2233.84121260656,-4815.1107275545,11.0650095934125,0.00486265309155
wAlpha,gnomad,I223V,-0.363704462873102,-2238.58335316482,-2238.85485444187,-2238.9470576277,-4829.93067943902,-6.90741938326755,0.001957616768777
wAlpha,gnomad,F241V,9.38725446648095,-2238.69477762708,-2207.03315211827,-2229.30752316059,-4741.51150848137,82.2103560892338,0.015810424461961
wAlpha,gnomad,G244V,58.9167633037332,-2238.65746791268,-1920.34491783425,-2179.74070460895,-2694.9744574628,2126.85501619946,0.081903591752052
wAlpha,gnomad,A248V,16.8176038480856,-2238.6752541307,-2106.51692429239,-2221.85765028261,-4832.70837518409,-5.83856197380192,0.053994961082935
wAlpha,gnomad,T249M,7.32932021262377,-2238.78177199412,-2230.36825720873,-2231.4524517815,-4821.00643609183,6.71246858438826,0.006158011034131
wAlpha,gnomad,F253L,10.4003876825136,-2238.54230252388,-2202.85036169702,-2228.14191484137,-4837.69257818472,-15.2315621141443,0.014659324660897
wAlpha,gnomad,D258Y,36.8896005227066,-2238.79573492603,-1861.93688596545,-2201.90613440332,-4827.94322616752,-13.4031134579791,0.068608403205872
wAlpha,gnomad,L262V,6.97349137643778,-2238.82092361923,-2192.61407642879,-2231.84743224279,-2689.87611098886,2128.7688367803,0.019990956410766
wAlpha,gnomad,M263V,-0.14237582169244,-2238.8359701709,-2238.64216321938,-2238.97834599259,-4727.24870159258,87.6872244405704,0.003386951982975
wAlpha,gnomad,M263T,-0.300633310628655,-2238.8359701709,-2238.79438237729,-2239.13660348153,-2683.69224901052,2136.43167087887,0.004751068539917
wAlpha,gnomad,H266N,1.71076861635311,-2238.66185769267,-2236.14984641775,-2236.95108907631,-4823.6007200798,10.1716631293457,0.004961175378412
wAlpha,gnomad,H266R,4.85854259724601,-2238.66185769267,-2233.57619313669,-2233.80331509542,-4829.00036760192,-10.309486034851,0.003249666653574
wAlpha,gnomad,N268D,-0.524303812404469,-2238.58282801728,-2238.97250370029,-2239.10713182968,-4825.08582413269,-8.41684628137955,0.000712114444468
wAlpha,gnomad,N268I,4.31628146657476,-2238.58282801728,-2229.05977212957,-2234.2665465507,-4828.60521324592,9.91969649621842,0.009446445852518
wAlpha,gnomad,G272S,0.882195660805792,-2238.69998154624,-2237.00858146097,-2237.81778588543,-4812.50976932403,7.46611704086172,0.005216657184064
wAlpha,gnomad,S275A,-2.35771674412763,-2238.87108107514,-2240.91791730613,-2241.22879781927,-4817.56907404809,-1.97868802493576,0.002665699226782
wAlpha,gnomad,R280C,6.6355771801941,-2239.30641187529,-2232.61556832848,-2232.67083469509,-4814.98120236113,5.28007730442459,0.005686469841748
wAlpha,gnomad,R280H,2.68672122687531,-2239.30323944832,-2236.07412318987,-2236.61651822144,-4805.63147083185,14.2023422294133,0.004302936140448
wAlpha,gnomad,A287T,1.16239313679171,-2238.52296268127,-2224.38843694736,-2237.36056954448,-4814.10907585556,1.03987939838407,0.012477322481573
wAlpha,gnomad,I296T,4.80790325174849,-2238.77392849768,-2233.47586943184,-2233.96602524593,-4684.73073509779,120.443479864353,0.00626462791115
wAlpha,gnomad,A299T,9.28030685883914,-2238.84952129082,-2213.45392371707,-2229.56921443198,-4817.20846375346,-1.31736066562553,0.016402140259743
wAlpha,gnomad,M300V,8.20625701089239,-2238.99440929076,-2224.96462314598,-2230.78815227987,-4891.94756805629,-75.815531517409,0.011789470911026
wAlpha,gnomad,G302S,6.73700289622093,-2238.65845510295,-2230.86720642333,-2231.92145220673,-4811.08830662765,12.8798789078728,0.009022017009556
wAlpha,gnomad,D303N,0.695407648285254,-2239.40447835608,-2238.71398465765,-2238.70907070779,-4708.22750147391,-9.3868663877056,0.001510030589998
wAlpha,gnomad,R304H,7.38691665851547,-2238.85081189044,-2186.13743412166,-2231.46389523193,-4803.05388589457,-7.03268251094141,0.037919815629721
wAlpha,gnomad,A305T,16.3791100001172,-2238.70488508957,-2166.89060072109,-2222.32577508945,-4852.75008736588,-37.2100333463322,0.047371625900269
wAlpha,gnomad,A309G,2.43079518661261,-2238.78216405164,-2236.44871312352,-2236.35136886503,-4825.48649355894,-6.96929135747814,0.002785506192595
wAlpha,gnomad,D312V,8.5915506643978,-2238.80387013687,-2201.43007357779,-2230.21231947247,-4773.57580299985,48.7208586766619,0.020413443446159
wAlpha,gnomad,V315M,28.4741563382727,-2238.7138294426,-2012.05931664965,-2210.23967310432,-4744.75337058856,101.17738294723,0.057262651622295
wAlpha,gnomad,L318I,12.9822194275689,-2238.81797639849,-2187.62028005765,-2225.83575697092,-4869.02815434837,-52.2351322467021,0.014182682149112
wAlpha,gnomad,D322N,1.75029041824337,-2238.80141702249,-2236.99924904264,-2237.05112660424,-4822.30489311141,18.4405065003548,0.003261544276029
wAlpha,gnomad,D322G,2.24574545978339,-2238.80141702249,-2236.42613965705,-2236.5556715627,-4829.05409923213,-7.60327264438456,0.005559962242842
wAlpha,gnomad,D323N,0.420384554455268,-2239.08332413739,-2238.4381129476,-2238.66293958294,-4824.94886252118,-3.76109792156876,0.004334877245128
wAlpha,gnomad,M325V,0.965613058103372,-2238.90314321423,-2235.22109666664,-2237.93753015612,-4802.60064040354,17.4436883551352,0.014625971205533
wAlpha,gnomad,V327M,-0.846132096493875,-2238.79772719189,-2218.44708230197,-2239.64385928839,-5362.90199176961,-540.784705782489,0.013101047836244
wAlpha,gnomad,F335L,2.55075406865399,-2235.86037091191,-2226.1736837098,-2233.30961684325,-4889.52347438282,-78.2202181222092,0.017159696668387
wAlpha,gnomad,I338V,-0.214516069648198,-2235.4058350428,-2235.07823492841,-2235.62035111245,-4794.9004083737,4.13771160741453,0.0053078122437
